都道府県,市区町村,収集経路,総施設数,ジオコーディング補完,元座標あり,座標なし
三重県,いなべ市,管轄主体,488,459,29,0
三重県,三重郡川越町,管轄主体,137,115,22,0
三重県,三重郡朝日町,管轄主体,67,53,14,0
三重県,三重郡菰野町,管轄主体,453,419,34,0
三重県,不明,不明,45,0,0,45
三重県,亀山市,管轄主体,495,450,45,0
三重県,伊勢市,管轄主体,2242,2057,185,0
三重県,伊賀市,管轄主体,1317,1206,111,0
三重県,北牟婁郡紀北町,管轄主体,334,323,11,0
三重県,南牟婁郡御浜町,管轄主体,137,132,5,0
三重県,南牟婁郡紀宝町,管轄主体,101,100,1,0
三重県,名張市,管轄主体,837,741,96,0
三重県,員弁郡東員町,管轄主体,230,194,36,0
三重県,四日市市,自身,424,1,423,0
三重県,多気郡多気町,管轄主体,280,272,8,0
三重県,多気郡大台町,管轄主体,162,152,10,0
三重県,多気郡明和町,管轄主体,246,205,41,0
三重県,尾鷲市,管轄主体,424,416,8,0
三重県,度会郡南伊勢町,管轄主体,219,210,9,0
三重県,度会郡大紀町,管轄主体,131,124,7,0
三重県,度会郡度会町,管轄主体,66,62,4,0
三重県,度会郡玉城町,管轄主体,184,164,20,0
三重県,志摩市,管轄主体,1056,1009,47,0
三重県,松阪市,管轄主体,2387,2176,211,0
三重県,桑名市,管轄主体,1708,1528,180,0
三重県,桑名郡木曽岬町,管轄主体,45,42,3,0
三重県,津市,管轄主体,3235,2943,292,0
三重県,熊野市,管轄主体,363,352,11,0
三重県,鈴鹿市,管轄主体,2109,1872,237,0
三重県,鳥羽市,管轄主体,751,728,23,0
不明,(保管場所)南さつま市,不明,1,0,0,1
不明,(保管場所：鹿児島市,不明,1,0,0,1
不明,一の宮町,不明,5,0,0,5
不明,七城町,不明,1,0,0,1
不明,不明,不明,590,0,0,590
不明,中区,不明,1253,0,0,1253
不明,久木野村,不明,1,0,0,1
不明,伊集院町,不明,1,0,0,1
不明,住用町,不明,1,0,0,1
不明,倉岳町,不明,1,0,0,1
不明,加治木町,不明,2,0,0,2
不明,南区,不明,994,0,0,994
不明,南区桃山台１丁１‐１ 堺市,不明,2,0,0,2
不明,国分市,不明,1,0,0,1
不明,堺区,不明,3182,0,0,3182
不明,堺区南瓦町３‐１ 堺市,不明,1,0,0,1
不明,堺区大浜西町２３ 堺出島漁港　とれとれ市,不明,1,0,0,1
不明,堺区大浜西町２４ 堺出島漁港とれとれ市,不明,1,0,0,1
不明,堺区大町東３丁１‐１０ 武市,不明,1,0,0,1
不明,堺区市,不明,52,0,0,52
不明,堺区栄橋町２丁４‐１ 堺魚市,不明,6,0,0,6
不明,堺区栄橋町２丁４‐２８ 堺魚市,不明,3,0,0,3
不明,堺区甲斐町東３丁１‐１３ １０５　甲斐町市,不明,1,0,0,1
不明,堺区神石市,不明,20,0,0,20
不明,堺区綾之町東１丁２‐３３ 堺都市,不明,1,0,0,1
不明,堺市,不明,894,0,0,894
不明,姶良町,不明,1,0,0,1
不明,本渡市,不明,1,0,0,1
不明,東区,不明,656,0,0,656
不明,東市来町,不明,1,0,0,1
不明,東町,不明,1,0,0,1
不明,津奈木町,不明,1,0,0,1
不明,県内一円（鹿児島市,不明,2,0,0,2
不明,美原区,不明,413,0,0,413
不明,蘇陽町,不明,1,0,0,1
不明,西区,不明,1351,0,0,1351
不明,西区津久野町１丁１‐１ ＵＲ都市,不明,1,0,0,1
不明,鏡町,不明,1,0,0,1
不明,長洲町,不明,3,0,0,3
不明,長陽町,不明,1,0,0,1
不明,（保管場所）南さつま市,不明,10,0,0,10
不明,（保管場所）南九州市,不明,28,0,0,28
不明,（保管場所）姶良市,不明,1,0,0,1
不明,（保管場所）指宿市,不明,1,0,0,1
不明,（保管場所）枕崎市,不明,3,0,0,3
不明,（保管場所）熊本県八代市,不明,1,0,0,1
不明,（保管場所）鹿児島市,不明,16,0,0,16
不明,（保管場所：南九州市,不明,2,0,0,2
不明,（保管場所：枕崎市,不明,2,0,0,2
不明,（保管場所：鹿児島市,不明,1,0,0,1
京都府,不明,不明,433,0,0,433
京都府,与謝郡与謝野町,i2fas,343,0,343,0
京都府,与謝郡伊根町,i2fas,117,0,117,0
京都府,久世郡久御山町,i2fas,438,0,438,0
京都府,乙訓郡大山崎町,i2fas,122,0,122,0
京都府,亀岡市,i2fas,1021,0,1021,0
京都府,京丹後市,i2fas,1603,2,1601,0
京都府,京田辺市,i2fas,712,0,712,0
京都府,京都市,自身,38477,34480,3447,550
京都府,八幡市,i2fas,601,2,599,0
京都府,南丹市,i2fas,1020,13,1007,0
京都府,向日市,i2fas,660,0,660,0
京都府,城陽市,i2fas,651,0,651,0
京都府,宇治市,i2fas,2426,5,2419,2
京都府,宮津市,i2fas,631,0,631,0
京都府,木津川市,i2fas,998,141,857,0
京都府,相楽郡南山城村,i2fas,100,4,96,0
京都府,相楽郡和束町,i2fas,134,0,134,0
京都府,相楽郡笠置町,i2fas,43,0,43,0
京都府,相楽郡精華町,i2fas,322,0,322,0
京都府,福知山市,i2fas,1491,0,1491,0
京都府,綴喜郡井手町,i2fas,143,0,142,1
京都府,綴喜郡宇治田原町,i2fas,188,0,188,0
京都府,綾部市,i2fas,586,0,586,0
京都府,舞鶴市,i2fas,1423,3,1420,0
京都府,船井郡京丹波町,i2fas,319,0,319,0
京都府,長岡京市,i2fas,611,0,611,0
佐賀県,三養基郡みやき町,i2fas,177,0,177,0
佐賀県,三養基郡上峰町,i2fas,75,0,75,0
佐賀県,三養基郡基山町,i2fas,123,0,123,0
佐賀県,不明,不明,140,0,0,140
佐賀県,伊万里市,i2fas,432,1,431,0
佐賀県,佐賀市,i2fas,2446,2,2444,0
佐賀県,唐津市,i2fas,594,0,594,0
佐賀県,多久市,i2fas,168,0,168,0
佐賀県,嬉野市,i2fas,56,0,56,0
佐賀県,小城市,i2fas,276,0,276,0
佐賀県,東松浦郡玄海町,i2fas,18,0,18,0
佐賀県,杵島郡大町町,不明,11,0,11,0
佐賀県,杵島郡江北町,i2fas,35,0,35,0
佐賀県,杵島郡白石町,i2fas,41,0,41,0
佐賀県,武雄市,i2fas,177,2,175,0
佐賀県,神埼市,i2fas,212,0,212,0
佐賀県,神埼郡吉野ヶ里町,i2fas,146,0,146,0
佐賀県,藤津郡太良町,i2fas,19,0,19,0
佐賀県,西松浦郡有田町,i2fas,112,0,112,0
佐賀県,鳥栖市,i2fas,915,0,915,0
佐賀県,鹿島市,i2fas,68,0,68,0
兵庫県,たつの市,管轄主体,1089,1016,73,0
兵庫県,三木市,管轄主体,1179,1101,78,0
兵庫県,三田市,管轄主体,1123,1024,99,0
兵庫県,不明,不明,5395,5145,0,250
兵庫県,丹波市,管轄主体,1027,987,40,0
兵庫県,丹波篠山市,管轄主体,1051,1019,32,0
兵庫県,伊丹市,管轄主体,1964,1734,230,0
兵庫県,佐用郡佐用町,管轄主体,282,269,13,0
兵庫県,加古川市,管轄主体,2852,2667,185,0
兵庫県,加古郡播磨町,管轄主体,323,299,24,0
兵庫県,加古郡稲美町,管轄主体,332,315,17,0
兵庫県,加東市,管轄主体,614,572,42,0
兵庫県,加西市,管轄主体,569,519,50,0
兵庫県,南あわじ市,管轄主体,950,911,39,0
兵庫県,多可郡多可町,管轄主体,297,284,13,0
兵庫県,姫路市,i2fas,872,0,872,0
兵庫県,宍粟市,管轄主体,807,777,30,0
兵庫県,宝塚市,管轄主体,1901,1740,161,0
兵庫県,小野市,管轄主体,555,527,28,0
兵庫県,尼崎市,自身,7328,6864,464,0
兵庫県,川西市,管轄主体,1244,1098,146,0
兵庫県,川辺郡猪名川町,管轄主体,269,252,17,0
兵庫県,揖保郡太子町,管轄主体,335,308,27,0
兵庫県,明石市,i2fas,288,5,283,0
兵庫県,朝来市,管轄主体,475,450,25,0
兵庫県,洲本市,管轄主体,1032,989,43,0
兵庫県,淡路市,管轄主体,1359,1312,47,0
兵庫県,相生市,管轄主体,351,337,14,0
兵庫県,神崎郡市川町,管轄主体,116,112,4,0
兵庫県,神崎郡神河町,管轄主体,197,184,13,0
兵庫県,神崎郡福崎町,管轄主体,271,245,26,0
兵庫県,神戸市,自身,29810,26718,3092,0
兵庫県,美方郡新温泉町,管轄主体,332,315,17,0
兵庫県,美方郡香美町,管轄主体,529,518,11,0
兵庫県,芦屋市,管轄主体,1037,962,75,0
兵庫県,西宮市,自身,587,1,586,0
兵庫県,西脇市,管轄主体,643,605,38,0
兵庫県,豊岡市,管轄主体,1867,1781,86,0
兵庫県,赤穂市,管轄主体,658,628,30,0
兵庫県,赤穂郡上郡町,管轄主体,169,161,8,0
兵庫県,養父市,管轄主体,392,370,22,0
兵庫県,高砂市,管轄主体,970,922,48,0
北海道,三笠市,i2fas,153,0,153,0
北海道,上川郡上川町,i2fas,112,0,112,0
北海道,上川郡下川町,i2fas,105,0,105,0
北海道,上川郡剣淵町,i2fas,77,0,77,0
北海道,上川郡和寒町,i2fas,70,0,70,0
北海道,上川郡当麻町,i2fas,84,0,84,0
北海道,上川郡愛別町,i2fas,33,0,33,0
北海道,上川郡新得町,i2fas,45,1,44,0
北海道,上川郡東川町,i2fas,187,1,186,0
北海道,上川郡東神楽町,i2fas,107,1,106,0
北海道,上川郡比布町,i2fas,33,0,33,0
北海道,上川郡清水町,i2fas,66,0,66,0
北海道,上川郡美瑛町,i2fas,315,0,315,0
北海道,上川郡鷹栖町,i2fas,89,2,87,0
北海道,上磯郡木古内町,i2fas,100,0,100,0
北海道,上磯郡知内町,i2fas,92,0,92,0
北海道,不明,不明,533,0,0,533
北海道,中川郡中川町,i2fas,43,0,43,0
北海道,中川郡幕別町,i2fas,94,0,94,0
北海道,中川郡本別町,i2fas,31,0,31,0
北海道,中川郡池田町,i2fas,27,0,27,0
北海道,中川郡美深町,i2fas,115,1,114,0
北海道,中川郡豊頃町,i2fas,13,0,13,0
北海道,中川郡音威子府村,i2fas,35,0,35,0
北海道,久遠郡せたな町,i2fas,180,0,180,0
北海道,亀田郡七飯町,i2fas,507,46,461,0
北海道,二海郡八雲町,i2fas,381,0,381,0
北海道,伊達市,i2fas,384,18,366,0
北海道,余市郡仁木町,i2fas,112,0,112,0
北海道,余市郡余市町,i2fas,490,0,490,0
北海道,余市郡赤井川村,i2fas,95,0,95,0
北海道,函館市,i2fas,587,0,587,0
北海道,利尻郡利尻富士町,i2fas,104,1,103,0
北海道,利尻郡利尻町,i2fas,135,0,135,0
北海道,勇払郡むかわ町,i2fas,27,1,26,0
北海道,勇払郡占冠村,i2fas,111,0,111,0
北海道,勇払郡厚真町,i2fas,37,0,37,0
北海道,勇払郡安平町,i2fas,36,0,36,0
北海道,北広島市,i2fas,231,0,231,0
北海道,北斗市,i2fas,674,43,631,0
北海道,北見市,i2fas,2050,2,2048,0
北海道,十勝郡浦幌町,i2fas,30,0,30,0
北海道,千歳市,i2fas,515,0,515,0
北海道,厚岸郡厚岸町,i2fas,144,0,144,0
北海道,厚岸郡浜中町,i2fas,131,0,131,0
北海道,古宇郡泊村,i2fas,36,0,36,0
北海道,古宇郡神恵内村,i2fas,30,0,30,0
北海道,古平郡古平町,i2fas,105,0,105,0
北海道,名寄市,i2fas,506,0,506,0
北海道,増毛郡増毛町,i2fas,24,0,24,0
北海道,士別市,i2fas,362,2,360,0
北海道,夕張市,i2fas,137,0,137,0
北海道,夕張郡栗山町,i2fas,318,0,318,0
北海道,夕張郡由仁町,i2fas,111,0,111,0
北海道,夕張郡長沼町,i2fas,322,2,320,0
北海道,天塩郡天塩町,i2fas,15,0,15,0
北海道,天塩郡幌延町,i2fas,59,0,59,0
北海道,天塩郡豊富町,i2fas,84,0,84,0
北海道,天塩郡遠別町,i2fas,3,0,3,0
北海道,奥尻郡奥尻町,i2fas,104,0,104,0
北海道,宗谷郡猿払村,i2fas,65,0,65,0
北海道,室蘭市,i2fas,1065,2,1063,0
北海道,富良野市,i2fas,555,0,555,0
北海道,寿都郡寿都町,i2fas,92,1,91,0
北海道,寿都郡黒松内町,i2fas,68,0,68,0
北海道,小樽市,i2fas,3149,589,2560,0
北海道,山越郡長万部町,i2fas,150,0,150,0
北海道,岩内郡共和町,i2fas,70,0,70,0
北海道,岩内郡岩内町,i2fas,287,1,286,0
北海道,岩見沢市,i2fas,1317,0,1317,0
北海道,島牧郡島牧村,i2fas,34,0,34,0
北海道,川上郡弟子屈町,i2fas,298,1,297,0
北海道,川上郡標茶町,i2fas,179,4,175,0
北海道,帯広市,i2fas,695,5,690,0
北海道,常呂郡佐呂間町,i2fas,123,0,123,0
北海道,常呂郡置戸町,i2fas,50,0,50,0
北海道,常呂郡訓子府町,i2fas,75,0,75,0
北海道,幌泉郡えりも町,i2fas,89,0,89,0
北海道,広尾郡大樹町,i2fas,41,0,41,0
北海道,広尾郡広尾町,i2fas,55,0,55,0
北海道,恵庭市,i2fas,246,0,246,0
北海道,斜里郡小清水町,i2fas,93,0,93,0
北海道,斜里郡斜里町,i2fas,273,0,273,0
北海道,斜里郡清里町,i2fas,67,0,67,0
北海道,新冠郡新冠町,i2fas,50,0,50,0
北海道,日高郡新ひだか町,i2fas,418,0,418,0
北海道,旭川市,i2fas,1093,0,1093,0
北海道,有珠郡壮瞥町,i2fas,99,9,90,0
北海道,札幌市,自身,31414,24271,7087,56
北海道,松前郡松前町,i2fas,169,0,169,0
北海道,松前郡福島町,i2fas,87,0,87,0
北海道,枝幸郡中頓別町,i2fas,57,0,57,0
北海道,枝幸郡枝幸町,i2fas,156,0,156,0
北海道,枝幸郡浜頓別町,i2fas,115,1,114,0
北海道,根室市,i2fas,685,0,685,0
北海道,様似郡様似町,i2fas,93,0,93,0
北海道,標津郡中標津町,i2fas,421,0,421,0
北海道,標津郡標津町,i2fas,121,1,120,0
北海道,樺戸郡新十津川町,i2fas,93,0,93,0
北海道,樺戸郡月形町,i2fas,59,0,59,0
北海道,樺戸郡浦臼町,i2fas,50,0,50,0
北海道,檜山郡上ノ国町,i2fas,94,3,91,0
北海道,檜山郡厚沢部町,i2fas,79,1,78,0
北海道,檜山郡江差町,i2fas,207,0,207,0
北海道,歌志内市,i2fas,23,0,23,0
北海道,江別市,i2fas,1237,1,1236,0
北海道,沙流郡平取町,i2fas,66,0,66,0
北海道,沙流郡日高町,i2fas,149,1,148,0
北海道,河東郡上士幌町,i2fas,23,0,23,0
北海道,河東郡士幌町,i2fas,30,0,30,0
北海道,河東郡音更町,i2fas,148,0,148,0
北海道,河東郡鹿追町,i2fas,43,0,43,0
北海道,河西郡中札内村,i2fas,42,0,42,0
北海道,河西郡更別村,i2fas,18,0,18,0
北海道,河西郡芽室町,i2fas,75,0,75,0
北海道,浦河郡浦河町,i2fas,286,0,286,0
北海道,深川市,i2fas,359,1,358,0
北海道,滝川市,i2fas,568,0,568,0
北海道,瀬棚郡今金町,i2fas,70,0,70,0
北海道,爾志郡乙部町,i2fas,85,0,85,0
北海道,留萌市,i2fas,69,0,69,0
北海道,留萌郡小平町,i2fas,12,0,12,0
北海道,登別市,i2fas,441,22,419,0
北海道,白糠郡白糠町,i2fas,147,3,144,0
北海道,白老郡白老町,i2fas,63,0,63,0
北海道,目梨郡羅臼町,i2fas,177,0,177,0
北海道,石狩市,i2fas,883,0,883,0
北海道,石狩郡当別町,i2fas,317,0,317,0
北海道,石狩郡新篠津村,i2fas,56,0,56,0
北海道,砂川市,i2fas,284,4,280,0
北海道,磯谷郡蘭越町,i2fas,129,0,129,0
北海道,礼文郡礼文町,i2fas,120,0,120,0
北海道,稚内市,i2fas,853,0,853,0
北海道,積丹郡積丹町,i2fas,222,0,222,0
北海道,空知郡上富良野町,i2fas,266,0,266,0
北海道,空知郡上砂川町,i2fas,32,1,31,0
北海道,空知郡中富良野町,i2fas,147,10,137,0
北海道,空知郡南富良野町,i2fas,91,0,91,0
北海道,空知郡南幌町,i2fas,131,0,131,0
北海道,空知郡奈井江町,i2fas,66,0,66,0
北海道,紋別市,i2fas,578,6,572,0
北海道,紋別郡湧別町,i2fas,142,0,142,0
北海道,紋別郡滝上町,i2fas,62,0,62,0
北海道,紋別郡興部町,i2fas,92,0,92,0
北海道,紋別郡西興部村,i2fas,30,0,30,0
北海道,紋別郡遠軽町,i2fas,289,0,289,0
北海道,紋別郡雄武町,i2fas,167,0,167,0
北海道,網走市,i2fas,720,0,720,0
北海道,網走郡大空町,i2fas,133,1,132,0
北海道,網走郡津別町,i2fas,94,3,91,0
北海道,網走郡美幌町,i2fas,314,0,314,0
北海道,美唄市,i2fas,327,8,319,0
北海道,芦別市,i2fas,190,2,188,0
北海道,苫前郡初山別村,i2fas,11,0,11,0
北海道,苫前郡羽幌町,i2fas,21,0,21,0
北海道,苫前郡苫前町,i2fas,11,0,11,0
北海道,苫小牧市,i2fas,535,3,532,0
北海道,茅部郡森町,i2fas,423,0,423,0
北海道,茅部郡鹿部町,i2fas,97,0,97,0
北海道,虻田郡ニセコ町,i2fas,357,1,356,0
北海道,虻田郡京極町,i2fas,77,0,77,0
北海道,虻田郡倶知安町,i2fas,919,2,917,0
北海道,虻田郡喜茂別町,i2fas,73,0,73,0
北海道,虻田郡洞爺湖町,i2fas,229,13,216,0
北海道,虻田郡留寿都村,i2fas,130,0,130,0
北海道,虻田郡真狩村,i2fas,67,0,67,0
北海道,虻田郡豊浦町,i2fas,84,0,84,0
北海道,赤平市,i2fas,109,0,109,0
北海道,足寄郡足寄町,i2fas,38,0,38,0
北海道,足寄郡陸別町,i2fas,15,0,15,0
北海道,野付郡別海町,i2fas,237,1,236,0
北海道,釧路市,i2fas,2969,16,2953,0
北海道,釧路郡釧路町,i2fas,318,0,318,0
北海道,阿寒郡鶴居村,i2fas,80,2,78,0
北海道,雨竜郡北竜町,i2fas,37,0,37,0
北海道,雨竜郡妹背牛町,i2fas,38,2,36,0
北海道,雨竜郡幌加内町,i2fas,41,0,41,0
北海道,雨竜郡沼田町,i2fas,77,2,75,0
北海道,雨竜郡秩父別町,i2fas,35,0,35,0
北海道,雨竜郡雨竜町,i2fas,36,0,36,0
千葉県,いすみ市,i2fas,68,0,68,0
千葉県,不明,不明,1370,0,0,1370
千葉県,佐倉市,i2fas,1137,10,1127,0
千葉県,八千代市,i2fas,1206,0,1206,0
千葉県,八街市,i2fas,539,9,530,0
千葉県,勝浦市,i2fas,24,0,24,0
千葉県,匝瑳市,i2fas,395,0,395,0
千葉県,千葉市,自身,19034,14086,4948,0
千葉県,南房総市,i2fas,505,10,495,0
千葉県,印旛郡栄町,i2fas,103,0,103,0
千葉県,印旛郡酒々井町,i2fas,170,0,170,0
千葉県,印西市,i2fas,754,5,749,0
千葉県,君津市,i2fas,682,0,682,0
千葉県,四街道市,i2fas,468,1,467,0
千葉県,大網白里市,i2fas,319,0,319,0
千葉県,夷隅郡大多喜町,i2fas,50,0,50,0
千葉県,夷隅郡御宿町,i2fas,7,0,7,0
千葉県,安房郡鋸南町,i2fas,100,2,98,0
千葉県,富津市,i2fas,380,0,380,0
千葉県,富里市,i2fas,462,1,461,0
千葉県,山武市,i2fas,446,0,446,0
千葉県,山武郡九十九里町,i2fas,160,0,160,0
千葉県,山武郡横芝光町,i2fas,215,0,215,0
千葉県,山武郡芝山町,i2fas,140,0,140,0
千葉県,市原市,i2fas,1558,1,1557,0
千葉県,市川市,i2fas,2217,6,2211,0
千葉県,成田市,i2fas,1816,6,1810,0
千葉県,我孫子市,i2fas,529,0,529,0
千葉県,旭市,i2fas,775,0,775,0
千葉県,木更津市,i2fas,1207,1,1206,0
千葉県,東金市,i2fas,537,0,537,0
千葉県,松戸市,i2fas,2586,3,2583,0
千葉県,柏市,自身,3099,1095,2004,0
千葉県,流山市,i2fas,933,0,933,0
千葉県,浦安市,i2fas,1075,4,1071,0
千葉県,白井市,i2fas,314,2,312,0
千葉県,習志野市,i2fas,904,0,904,0
千葉県,船橋市,i2fas,3513,231,3282,0
千葉県,茂原市,i2fas,629,0,629,0
千葉県,袖ケ浦市,不明,410,0,410,0
千葉県,野田市,i2fas,1148,0,1148,0
千葉県,銚子市,i2fas,826,0,826,0
千葉県,鎌ケ谷市,不明,526,0,526,0
千葉県,長生郡一宮町,i2fas,124,0,124,0
千葉県,長生郡白子町,i2fas,80,0,80,0
千葉県,長生郡睦沢町,i2fas,71,0,71,0
千葉県,長生郡長南町,i2fas,75,0,75,0
千葉県,長生郡長柄町,i2fas,72,0,72,0
千葉県,長生郡長生村,i2fas,101,1,100,0
千葉県,館山市,i2fas,516,11,505,0
千葉県,香取市,i2fas,654,0,654,0
千葉県,香取郡多古町,i2fas,151,0,151,0
千葉県,香取郡東庄町,i2fas,70,0,70,0
千葉県,香取郡神崎町,i2fas,41,0,41,0
千葉県,鴨川市,i2fas,323,0,323,0
和歌山県,不明,不明,176,0,0,176
和歌山県,伊都郡かつらぎ町,i2fas,372,0,372,0
和歌山県,伊都郡九度山町,i2fas,80,0,80,0
和歌山県,伊都郡高野町,i2fas,150,0,150,0
和歌山県,和歌山市,i2fas,396,0,396,0
和歌山県,岩出市,i2fas,531,0,531,0
和歌山県,御坊市,i2fas,487,0,487,0
和歌山県,新宮市,i2fas,704,0,704,0
和歌山県,日高郡みなべ町,i2fas,509,1,508,0
和歌山県,日高郡印南町,i2fas,165,0,165,0
和歌山県,日高郡日高川町,i2fas,227,0,227,0
和歌山県,日高郡日高町,i2fas,103,0,103,0
和歌山県,日高郡由良町,i2fas,107,0,107,0
和歌山県,日高郡美浜町,i2fas,88,0,88,0
和歌山県,有田市,i2fas,391,0,391,0
和歌山県,有田郡広川町,i2fas,106,0,106,0
和歌山県,有田郡有田川町,i2fas,517,0,517,0
和歌山県,有田郡湯浅町,i2fas,205,0,205,0
和歌山県,東牟婁郡串本町,i2fas,295,2,293,0
和歌山県,東牟婁郡北山村,i2fas,36,0,36,0
和歌山県,東牟婁郡古座川町,i2fas,64,2,62,0
和歌山県,東牟婁郡太地町,i2fas,49,0,49,0
和歌山県,東牟婁郡那智勝浦町,i2fas,453,0,453,0
和歌山県,橋本市,i2fas,821,0,821,0
和歌山県,海南市,i2fas,339,0,339,0
和歌山県,海草郡紀美野町,i2fas,64,0,64,0
和歌山県,田辺市,i2fas,1875,2,1873,0
和歌山県,紀の川市,i2fas,552,0,552,0
和歌山県,西牟婁郡すさみ町,i2fas,159,0,159,0
和歌山県,西牟婁郡上富田町,i2fas,289,0,289,0
和歌山県,西牟婁郡白浜町,i2fas,848,1,847,0
埼玉県,さいたま市,i2fas,3080,10,3070,0
埼玉県,ふじみ野市,i2fas,219,0,219,0
埼玉県,三郷市,i2fas,217,0,217,0
埼玉県,上尾市,i2fas,338,1,337,0
埼玉県,不明,不明,560,0,0,560
埼玉県,久喜市,i2fas,301,0,301,0
埼玉県,児玉郡上里町,i2fas,78,0,78,0
埼玉県,児玉郡神川町,i2fas,11,0,11,0
埼玉県,児玉郡美里町,i2fas,15,0,15,0
埼玉県,入間市,i2fas,364,0,364,0
埼玉県,入間郡三芳町,i2fas,108,0,108,0
埼玉県,入間郡毛呂山町,i2fas,37,0,37,0
埼玉県,入間郡越生町,i2fas,9,0,9,0
埼玉県,八潮市,i2fas,150,0,150,0
埼玉県,加須市,i2fas,172,0,172,0
埼玉県,北本市,i2fas,128,0,128,0
埼玉県,北葛飾郡杉戸町,i2fas,75,0,75,0
埼玉県,北葛飾郡松伏町,i2fas,31,0,31,0
埼玉県,北足立郡伊奈町,i2fas,68,0,68,0
埼玉県,南埼玉郡宮代町,i2fas,37,0,37,0
埼玉県,吉川市,i2fas,94,1,93,0
埼玉県,和光市,i2fas,137,0,137,0
埼玉県,坂戸市,i2fas,138,0,138,0
埼玉県,大里郡寄居町,i2fas,43,0,43,0
埼玉県,富士見市,i2fas,178,1,177,0
埼玉県,川口市,自身,8950,7624,911,415
埼玉県,川越市,i2fas,522,3,519,0
埼玉県,幸手市,i2fas,96,0,96,0
埼玉県,志木市,i2fas,127,0,127,0
埼玉県,戸田市,i2fas,289,0,289,0
埼玉県,所沢市,i2fas,739,1,738,0
埼玉県,新座市,i2fas,261,0,261,0
埼玉県,日高市,i2fas,147,0,147,0
埼玉県,春日部市,i2fas,337,0,337,0
埼玉県,朝霞市,i2fas,214,0,214,0
埼玉県,本庄市,i2fas,203,2,201,0
埼玉県,東松山市,i2fas,198,0,198,0
埼玉県,桶川市,i2fas,117,0,117,0
埼玉県,比企郡ときがわ町,i2fas,16,0,16,0
埼玉県,比企郡吉見町,i2fas,32,0,32,0
埼玉県,比企郡小川町,i2fas,40,0,40,0
埼玉県,比企郡嵐山町,i2fas,46,1,45,0
埼玉県,比企郡川島町,i2fas,38,0,38,0
埼玉県,比企郡滑川町,i2fas,42,0,42,0
埼玉県,比企郡鳩山町,i2fas,14,0,14,0
埼玉県,深谷市,i2fas,247,3,244,0
埼玉県,熊谷市,i2fas,332,0,332,0
埼玉県,狭山市,i2fas,294,0,294,0
埼玉県,白岡市,i2fas,82,0,82,0
埼玉県,秩父市,i2fas,66,0,66,0
埼玉県,秩父郡小鹿野町,i2fas,17,0,17,0
埼玉県,秩父郡横瀬町,i2fas,9,0,9,0
埼玉県,秩父郡皆野町,i2fas,12,0,12,0
埼玉県,秩父郡長瀞町,i2fas,12,0,12,0
埼玉県,羽生市,i2fas,145,0,145,0
埼玉県,草加市,i2fas,381,2,379,0
埼玉県,蓮田市,i2fas,90,0,90,0
埼玉県,蕨市,i2fas,102,0,102,0
埼玉県,行田市,i2fas,125,1,124,0
埼玉県,越谷市,i2fas,646,3,643,0
埼玉県,飯能市,i2fas,209,1,208,0
埼玉県,鴻巣市,i2fas,157,0,157,0
埼玉県,鶴ヶ島市,i2fas,153,0,153,0
大分県,不明,不明,905,0,851,54
大分県,中津市,管轄主体,1654,0,1654,0
大分県,佐伯市,管轄主体,1316,0,1316,0
大分県,別府市,管轄主体,2561,0,2561,0
大分県,国東市,管轄主体,486,0,486,0
大分県,大分市,自身,6540,0,841,5699
大分県,宇佐市,管轄主体,977,0,977,0
大分県,日田市,管轄主体,1334,0,1334,0
大分県,東国東郡姫島村,管轄主体,45,0,45,0
大分県,杵築市,管轄主体,422,0,422,0
大分県,津久見市,管轄主体,237,0,237,0
大分県,玖珠郡九重町,管轄主体,290,0,290,0
大分県,玖珠郡玖珠町,管轄主体,382,0,382,0
大分県,由布市,管轄主体,1051,0,1051,0
大分県,竹田市,管轄主体,507,0,507,0
大分県,臼杵市,管轄主体,585,0,585,0
大分県,豊後大野市,管轄主体,524,0,524,0
大分県,豊後高田市,管轄主体,426,0,426,0
大分県,速見郡日出町,管轄主体,357,0,357,0
大阪府,三島郡島本町,i2fas,16,0,16,0
大阪府,不明,不明,767,0,0,767
大阪府,交野市,i2fas,95,0,95,0
大阪府,八尾市,i2fas,2946,1,2945,0
大阪府,南河内郡千早赤阪村,i2fas,4,0,4,0
大阪府,南河内郡太子町,i2fas,14,0,14,0
大阪府,南河内郡河南町,i2fas,23,0,23,0
大阪府,吹田市,自身,4027,7,716,3304
大阪府,和泉市,i2fas,193,1,192,0
大阪府,四條畷市,i2fas,102,0,102,0
大阪府,堺市,自身,2624,8,2616,0
大阪府,大東市,i2fas,141,0,141,0
大阪府,大阪市,自身,71924,2235,69689,0
大阪府,大阪狭山市,i2fas,56,0,56,0
大阪府,守口市,i2fas,224,0,224,0
大阪府,富田林市,i2fas,101,0,101,0
大阪府,寝屋川市,i2fas,534,0,534,0
大阪府,岸和田市,i2fas,218,1,217,0
大阪府,摂津市,i2fas,140,0,140,0
大阪府,東大阪市,自身,641,0,641,0
大阪府,松原市,i2fas,153,0,153,0
大阪府,枚方市,自身,3736,0,560,3176
大阪府,柏原市,i2fas,77,0,77,0
大阪府,池田市,i2fas,131,0,131,0
大阪府,河内長野市,i2fas,106,0,106,0
大阪府,泉佐野市,i2fas,154,2,152,0
大阪府,泉北郡忠岡町,i2fas,15,0,15,0
大阪府,泉南市,i2fas,93,0,93,0
大阪府,泉南郡岬町,i2fas,12,0,12,0
大阪府,泉南郡熊取町,i2fas,9,0,9,0
大阪府,泉南郡田尻町,i2fas,30,0,30,0
大阪府,泉大津市,i2fas,79,0,79,0
大阪府,箕面市,i2fas,276,0,276,0
大阪府,羽曳野市,i2fas,122,0,122,0
大阪府,茨木市,i2fas,372,1,371,0
大阪府,藤井寺市,i2fas,81,0,81,0
大阪府,豊中市,自身,5276,4370,906,0
大阪府,豊能郡能勢町,i2fas,18,0,18,0
大阪府,豊能郡豊能町,i2fas,20,0,20,0
大阪府,貝塚市,i2fas,74,0,74,0
大阪府,門真市,i2fas,196,0,196,0
大阪府,阪南市,i2fas,31,0,31,0
大阪府,高槻市,i2fas,3065,0,3065,0
大阪府,高石市,i2fas,50,1,49,0
奈良県,不明,不明,146,1,0,145
奈良県,五條市,管轄主体,513,488,25,0
奈良県,北葛城郡上牧町,管轄主体,231,201,30,0
奈良県,北葛城郡広陵町,管轄主体,346,324,22,0
奈良県,北葛城郡河合町,管轄主体,166,152,14,0
奈良県,北葛城郡王寺町,管轄主体,295,269,26,0
奈良県,吉野郡上北山村,管轄主体,39,39,0,0
奈良県,吉野郡下北山村,管轄主体,40,38,2,0
奈良県,吉野郡下市町,管轄主体,124,116,8,0
奈良県,吉野郡十津川村,管轄主体,164,161,3,0
奈良県,吉野郡吉野町,管轄主体,280,277,3,0
奈良県,吉野郡大淀町,管轄主体,250,241,9,0
奈良県,吉野郡天川村,管轄主体,178,178,0,0
奈良県,吉野郡川上村,管轄主体,56,56,0,0
奈良県,吉野郡東吉野村,管轄主体,73,71,2,0
奈良県,吉野郡野迫川村,管轄主体,35,35,0,0
奈良県,吉野郡黒滝村,管轄主体,39,39,0,0
奈良県,大和郡山市,管轄主体,1508,1375,133,0
奈良県,大和高田市,管轄主体,848,781,67,0
奈良県,天理市,管轄主体,997,910,87,0
奈良県,奈良市,自身,6348,5,5002,1341
奈良県,宇陀市,管轄主体,487,479,8,0
奈良県,宇陀郡御杖村,管轄主体,56,56,0,0
奈良県,宇陀郡曽爾村,管轄主体,95,95,0,0
奈良県,山辺郡山添村,管轄主体,123,104,19,0
奈良県,御所市,管轄主体,335,317,18,0
奈良県,桜井市,管轄主体,998,951,47,0
奈良県,橿原市,管轄主体,2026,1832,194,0
奈良県,生駒市,管轄主体,1129,1019,110,0
奈良県,生駒郡三郷町,管轄主体,149,143,6,0
奈良県,生駒郡安堵町,管轄主体,43,38,5,0
奈良県,生駒郡平群町,管轄主体,208,193,15,0
奈良県,生駒郡斑鳩町,管轄主体,277,257,20,0
奈良県,磯城郡三宅町,管轄主体,51,45,6,0
奈良県,磯城郡川西町,管轄主体,70,70,0,0
奈良県,磯城郡田原本町,管轄主体,443,431,12,0
奈良県,葛城市,管轄主体,402,374,28,0
奈良県,香芝市,管轄主体,678,615,63,0
奈良県,高市郡明日香村,管轄主体,172,171,1,0
奈良県,高市郡高取町,管轄主体,75,69,6,0
宮城県,不明,不明,129,0,0,129
宮城県,亘理郡亘理町,i2fas,44,0,44,0
宮城県,亘理郡山元町,i2fas,11,0,11,0
宮城県,仙台市,i2fas,18059,14725,3334,0
宮城県,伊具郡丸森町,i2fas,17,0,17,0
宮城県,刈田郡七ヶ宿町,i2fas,10,0,10,0
宮城県,刈田郡蔵王町,i2fas,11,0,11,0
宮城県,加美郡加美町,i2fas,30,1,29,0
宮城県,加美郡色麻町,i2fas,6,0,6,0
宮城県,名取市,i2fas,184,0,184,0
宮城県,塩竈市,i2fas,61,0,61,0
宮城県,多賀城市,i2fas,83,0,83,0
宮城県,大崎市,i2fas,182,0,182,0
宮城県,宮城郡七ヶ浜町,i2fas,10,0,10,0
宮城県,宮城郡利府町,i2fas,123,0,123,0
宮城県,宮城郡松島町,i2fas,13,0,13,0
宮城県,富谷市,i2fas,100,0,100,0
宮城県,岩沼市,i2fas,52,0,52,0
宮城県,本吉郡南三陸町,i2fas,18,0,18,0
宮城県,東松島市,i2fas,39,0,39,0
宮城県,柴田郡大河原町,i2fas,50,0,50,0
宮城県,柴田郡川崎町,i2fas,9,0,9,0
宮城県,柴田郡村田町,i2fas,23,0,23,0
宮城県,柴田郡柴田町,i2fas,49,0,49,0
宮城県,栗原市,i2fas,97,0,97,0
宮城県,気仙沼市,i2fas,85,0,85,0
宮城県,牡鹿郡女川町,i2fas,5,0,5,0
宮城県,登米市,i2fas,101,0,101,0
宮城県,白石市,i2fas,45,0,45,0
宮城県,石巻市,i2fas,209,4,205,0
宮城県,角田市,i2fas,54,1,53,0
宮城県,遠田郡涌谷町,i2fas,18,0,18,0
宮城県,遠田郡美里町,i2fas,20,0,20,0
宮城県,黒川郡大和町,i2fas,60,0,60,0
宮城県,黒川郡大衡村,i2fas,5,0,5,0
宮城県,黒川郡大郷町,i2fas,17,0,17,0
宮崎県,えびの市,i2fas,184,4,180,0
宮崎県,不明,不明,969,0,0,969
宮崎県,串間市,i2fas,26,4,22,0
宮崎県,児湯郡川南町,i2fas,133,0,133,0
宮崎県,児湯郡新富町,i2fas,133,0,133,0
宮崎県,児湯郡木城町,i2fas,50,0,50,0
宮崎県,児湯郡西米良村,i2fas,33,0,33,0
宮崎県,児湯郡都農町,i2fas,117,1,116,0
宮崎県,児湯郡高鍋町,i2fas,191,3,188,0
宮崎県,北諸県郡三股町,i2fas,45,6,39,0
宮崎県,宮崎市,i2fas,2011,22,1989,0
宮崎県,小林市,i2fas,386,7,379,0
宮崎県,延岡市,i2fas,2273,1,2272,0
宮崎県,日南市,i2fas,49,3,46,0
宮崎県,日向市,i2fas,1120,0,1120,0
宮崎県,東臼杵郡椎葉村,i2fas,94,0,94,0
宮崎県,東臼杵郡美郷町,i2fas,166,0,166,0
宮崎県,東臼杵郡諸塚村,i2fas,73,0,73,0
宮崎県,東臼杵郡門川町,i2fas,236,0,236,0
宮崎県,東諸県郡国富町,i2fas,55,0,55,0
宮崎県,東諸県郡綾町,i2fas,31,2,29,0
宮崎県,西臼杵郡五ヶ瀬町,i2fas,88,0,88,0
宮崎県,西臼杵郡日之影町,i2fas,84,0,84,0
宮崎県,西臼杵郡高千穂町,i2fas,281,0,281,0
宮崎県,西諸県郡高原町,i2fas,59,0,59,0
宮崎県,西都市,i2fas,237,4,233,0
宮崎県,都城市,i2fas,279,61,218,0
富山県,上市町,不明,410,328,82,0
富山県,不明,不明,220,0,0,220
富山県,入善町,不明,613,362,251,0
富山県,南砺市,管轄主体,2048,1253,790,5
富山県,富山市,自身,12249,17,6616,5616
富山県,射水市,管轄主体,2072,1572,499,1
富山県,小矢部市,管轄主体,977,605,371,1
富山県,朝日町,不明,395,227,168,0
富山県,氷見市,管轄主体,1570,997,572,1
富山県,滑川市,管轄主体,647,530,117,0
富山県,砺波市,管轄主体,1684,1050,633,1
富山県,立山町,不明,542,448,94,0
富山県,舟橋村,不明,50,41,9,0
富山県,高岡市,管轄主体,5144,3076,2067,1
富山県,魚津市,管轄主体,1621,955,666,0
富山県,黒部市,管轄主体,1616,922,693,1
山口県,下松市,管轄主体,485,74,411,0
山口県,下関市,自身,8480,0,8480,0
山口県,不明,不明,538,1,0,537
山口県,光市,管轄主体,436,74,362,0
山口県,周南市,管轄主体,1555,280,1275,0
山口県,大島郡周防大島町,管轄主体,349,41,308,0
山口県,宇部市,管轄主体,2162,273,1889,0
山口県,山口市,管轄主体,2137,419,1718,0
山口県,山陽小野田市,管轄主体,715,121,594,0
山口県,岩国市,管轄主体,1767,222,1545,0
山口県,柳井市,管轄主体,598,61,537,0
山口県,熊毛郡上関町,管轄主体,69,5,64,0
山口県,熊毛郡平生町,管轄主体,159,9,150,0
山口県,熊毛郡田布施町,管轄主体,190,18,172,0
山口県,玖珂郡和木町,管轄主体,36,5,31,0
山口県,美祢市,管轄主体,348,41,307,0
山口県,萩市,管轄主体,861,96,765,0
山口県,長門市,管轄主体,822,79,743,0
山口県,防府市,管轄主体,1262,219,1043,0
山口県,阿武郡阿武町,管轄主体,73,16,57,0
山形県,上山市,i2fas,400,203,197,0
山形県,不明,不明,215,0,0,215
山形県,北村山郡大石田町,i2fas,121,48,73,0
山形県,南陽市,i2fas,505,280,225,0
山形県,天童市,i2fas,930,427,503,0
山形県,寒河江市,i2fas,650,316,334,0
山形県,尾花沢市,i2fas,339,149,190,0
山形県,山形市,自身,4269,3,4266,0
山形県,新庄市,i2fas,844,354,490,0
山形県,最上郡大蔵村,i2fas,103,66,37,0
山形県,最上郡戸沢村,i2fas,109,51,58,0
山形県,最上郡最上町,i2fas,218,86,132,0
山形県,最上郡真室川町,i2fas,127,55,72,0
山形県,最上郡舟形町,i2fas,95,23,72,0
山形県,最上郡金山町,i2fas,121,54,67,0
山形県,最上郡鮭川村,i2fas,85,37,48,0
山形県,村山市,i2fas,289,123,166,0
山形県,東村山郡中山町,i2fas,76,24,52,0
山形県,東村山郡山辺町,i2fas,115,52,63,0
山形県,東根市,i2fas,617,269,348,0
山形県,東田川郡三川町,i2fas,163,26,137,0
山形県,東田川郡庄内町,i2fas,234,97,137,0
山形県,東置賜郡川西町,i2fas,232,102,130,0
山形県,東置賜郡高畠町,i2fas,304,159,145,0
山形県,米沢市,i2fas,1339,600,739,0
山形県,西村山郡大江町,i2fas,139,53,86,0
山形県,西村山郡朝日町,i2fas,103,46,57,0
山形県,西村山郡河北町,i2fas,257,114,143,0
山形県,西村山郡西川町,i2fas,121,69,52,0
山形県,西置賜郡小国町,i2fas,147,82,65,0
山形県,西置賜郡白鷹町,i2fas,221,87,134,0
山形県,西置賜郡飯豊町,i2fas,134,54,80,0
山形県,酒田市,i2fas,1458,388,1070,0
山形県,長井市,i2fas,437,214,223,0
山形県,飽海郡遊佐町,i2fas,186,54,132,0
山形県,鶴岡市,i2fas,2110,636,1474,0
山梨県,上野原市,管轄主体,380,86,294,0
山梨県,不明,不明,198,0,0,198
山梨県,中央市,管轄主体,477,58,419,0
山梨県,中巨摩郡昭和町,管轄主体,731,91,640,0
山梨県,北杜市,管轄主体,1923,208,1715,0
山梨県,北都留郡丹波山村,管轄主体,42,11,31,0
山梨県,北都留郡小菅村,管轄主体,65,13,52,0
山梨県,南アルプス市,管轄主体,898,97,801,0
山梨県,南巨摩郡南部町,管轄主体,172,24,148,0
山梨県,南巨摩郡富士川町,管轄主体,283,56,227,0
山梨県,南巨摩郡早川町,管轄主体,64,8,56,0
山梨県,南巨摩郡身延町,管轄主体,284,63,221,0
山梨県,南都留郡富士河口湖町,管轄主体,1158,263,895,0
山梨県,南都留郡山中湖村,管轄主体,534,142,392,0
山梨県,南都留郡忍野村,管轄主体,194,39,155,0
山梨県,南都留郡西桂町,管轄主体,58,23,35,0
山梨県,南都留郡道志村,管轄主体,94,21,73,0
山梨県,南都留郡鳴沢村,管轄主体,103,28,75,0
山梨県,大月市,管轄主体,296,73,223,0
山梨県,富士吉田市,管轄主体,1452,295,1157,0
山梨県,山梨市,管轄主体,806,88,718,0
山梨県,甲州市,管轄主体,928,108,820,0
山梨県,甲府市,i2fas,3388,615,2773,0
山梨県,甲斐市,管轄主体,996,160,836,0
山梨県,笛吹市,管轄主体,1706,179,1527,0
山梨県,西八代郡市川三郷町,管轄主体,199,49,150,0
山梨県,都留市,管轄主体,494,110,384,0
山梨県,韮崎市,管轄主体,471,48,423,0
岐阜県,下呂市,管轄主体,1015,639,376,0
岐阜県,不明,不明,73,0,0,73
岐阜県,不破郡垂井町,管轄主体,239,182,57,0
岐阜県,不破郡関ケ原町,管轄主体,94,72,22,0
岐阜県,中津川市,管轄主体,1444,932,512,0
岐阜県,加茂郡七宗町,管轄主体,42,40,2,0
岐阜県,加茂郡八百津町,管轄主体,154,137,17,0
岐阜県,加茂郡坂祝町,管轄主体,49,41,8,0
岐阜県,加茂郡富加町,管轄主体,64,57,7,0
岐阜県,加茂郡川辺町,管轄主体,109,96,13,0
岐阜県,加茂郡東白川村,管轄主体,43,41,2,0
岐阜県,加茂郡白川町,管轄主体,125,111,14,0
岐阜県,可児市,管轄主体,1012,843,169,0
岐阜県,可児郡御嵩町,管轄主体,187,149,38,0
岐阜県,各務原市,管轄主体,1453,1189,264,0
岐阜県,土岐市,管轄主体,703,574,129,0
岐阜県,多治見市,管轄主体,1013,885,128,0
岐阜県,大垣市,管轄主体,1760,1356,404,0
岐阜県,大野郡白川村,管轄主体,157,153,4,0
岐阜県,安八郡安八町,管轄主体,121,101,20,0
岐阜県,安八郡神戸町,管轄主体,130,105,25,0
岐阜県,安八郡輪之内町,管轄主体,69,52,17,0
岐阜県,山県市,管轄主体,318,249,69,0
岐阜県,岐阜市,自身,4951,1,497,4453
岐阜県,恵那市,管轄主体,1043,678,365,0
岐阜県,揖斐郡大野町,管轄主体,235,147,88,0
岐阜県,揖斐郡揖斐川町,管轄主体,431,274,157,0
岐阜県,揖斐郡池田町,管轄主体,279,161,118,0
岐阜県,本巣市,管轄主体,483,312,171,0
岐阜県,本巣郡北方町,管轄主体,291,201,90,0
岐阜県,海津市,管轄主体,378,309,69,0
岐阜県,瑞浪市,管轄主体,522,424,98,0
岐阜県,瑞穂市,管轄主体,394,290,104,0
岐阜県,美濃加茂市,管轄主体,745,616,129,0
岐阜県,美濃市,管轄主体,316,243,73,0
岐阜県,羽島市,管轄主体,636,517,119,0
岐阜県,羽島郡岐南町,管轄主体,278,221,57,0
岐阜県,羽島郡笠松町,管轄主体,188,156,32,0
岐阜県,郡上市,管轄主体,1698,1103,595,0
岐阜県,関市,管轄主体,1295,954,341,0
岐阜県,飛騨市,管轄主体,448,423,25,0
岐阜県,養老郡養老町,管轄主体,337,268,69,0
岐阜県,高山市,管轄主体,2433,2263,170,0
岡山県,不明,不明,343,0,0,343
岡山県,久米郡久米南町,i2fas,81,0,81,0
岡山県,久米郡美咲町,i2fas,113,0,113,0
岡山県,井原市,i2fas,496,0,496,0
岡山県,倉敷市,i2fas,905,2,903,0
岡山県,備前市,i2fas,332,2,330,0
岡山県,加賀郡吉備中央町,i2fas,158,0,158,0
岡山県,勝田郡勝央町,i2fas,128,0,128,0
岡山県,勝田郡奈義町,i2fas,73,0,73,0
岡山県,和気郡和気町,i2fas,133,0,133,0
岡山県,小田郡矢掛町,i2fas,222,0,222,0
岡山県,岡山市,i2fas,8748,22,8726,0
岡山県,新見市,i2fas,434,0,434,0
岡山県,津山市,i2fas,1030,0,1030,0
岡山県,浅口市,i2fas,302,3,299,0
岡山県,浅口郡里庄町,i2fas,105,0,105,0
岡山県,瀬戸内市,i2fas,280,0,280,0
岡山県,玉野市,i2fas,318,0,318,0
岡山県,真庭市,i2fas,577,0,577,0
岡山県,真庭郡新庄村,i2fas,15,0,15,0
岡山県,笠岡市,i2fas,591,0,591,0
岡山県,総社市,i2fas,636,1,635,0
岡山県,美作市,i2fas,310,0,310,0
岡山県,苫田郡鏡野町,i2fas,158,0,158,0
岡山県,英田郡西粟倉村,i2fas,43,0,43,0
岡山県,赤磐市,i2fas,296,0,296,0
岡山県,都窪郡早島町,i2fas,79,0,79,0
岡山県,高梁市,i2fas,504,0,504,0
岩手県,一関市,i2fas,1944,1,1943,0
岩手県,上閉伊郡大槌町,i2fas,216,0,216,0
岩手県,下閉伊郡山田町,i2fas,347,4,343,0
岩手県,下閉伊郡岩泉町,i2fas,259,0,259,0
岩手県,下閉伊郡普代村,i2fas,59,0,59,0
岩手県,下閉伊郡田野畑村,i2fas,88,0,88,0
岩手県,不明,不明,77,0,0,77
岩手県,久慈市,i2fas,530,0,530,0
岩手県,九戸郡九戸村,i2fas,128,0,128,0
岩手県,九戸郡洋野町,i2fas,220,0,220,0
岩手県,九戸郡軽米町,i2fas,178,0,178,0
岩手県,九戸郡野田村,i2fas,78,0,78,0
岩手県,二戸市,i2fas,584,0,584,0
岩手県,二戸郡一戸町,i2fas,323,0,323,0
岩手県,八幡平市,i2fas,517,0,517,0
岩手県,北上市,i2fas,1503,1,1502,0
岩手県,和賀郡西和賀町,i2fas,203,0,203,0
岩手県,大船渡市,i2fas,873,0,873,0
岩手県,奥州市,i2fas,1664,1,1663,0
岩手県,宮古市,i2fas,1147,0,1147,0
岩手県,岩手郡岩手町,i2fas,227,0,227,0
岩手県,岩手郡葛巻町,i2fas,137,0,137,0
岩手県,岩手郡雫石町,i2fas,383,2,381,0
岩手県,気仙郡住田町,i2fas,114,0,114,0
岩手県,滝沢市,i2fas,659,3,656,0
岩手県,盛岡市,自身,7615,3588,4027,0
岩手県,紫波郡矢巾町,i2fas,472,1,471,0
岩手県,紫波郡紫波町,i2fas,654,1,653,0
岩手県,胆沢郡金ケ崎町,i2fas,205,0,205,0
岩手県,花巻市,i2fas,1732,1,1731,0
岩手県,西磐井郡平泉町,i2fas,196,0,196,0
岩手県,遠野市,i2fas,678,0,678,0
岩手県,釜石市,i2fas,503,1,502,0
岩手県,陸前高田市,i2fas,512,0,512,0
島根県,不明,不明,120,94,0,26
島根県,仁多郡奥出雲町,i2fas,216,190,26,0
島根県,出雲市,i2fas,2559,2252,307,0
島根県,大田市,i2fas,539,496,43,0
島根県,安来市,i2fas,37,0,37,0
島根県,松江市,自身,3301,2997,304,0
島根県,江津市,i2fas,360,325,35,0
島根県,浜田市,i2fas,818,748,70,0
島根県,益田市,i2fas,729,676,53,0
島根県,邑智郡川本町,i2fas,93,83,10,0
島根県,邑智郡美郷町,i2fas,69,66,3,0
島根県,邑智郡邑南町,i2fas,267,254,13,0
島根県,隠岐郡海士町,i2fas,104,99,5,0
島根県,隠岐郡知夫村,i2fas,31,30,1,0
島根県,隠岐郡西ノ島町,i2fas,75,74,1,0
島根県,隠岐郡隠岐の島町,i2fas,315,301,14,0
島根県,雲南市,i2fas,526,458,68,0
島根県,飯石郡飯南町,i2fas,104,88,16,0
島根県,鹿足郡吉賀町,i2fas,141,135,6,0
島根県,鹿足郡津和野町,i2fas,187,178,9,0
広島県,三原市,i2fas,635,0,635,0
広島県,三次市,i2fas,809,0,809,0
広島県,不明,不明,1325,0,0,1325
広島県,世羅郡世羅町,i2fas,210,0,210,0
広島県,呉市,i2fas,2317,0,2317,0
広島県,大竹市,i2fas,209,0,209,0
広島県,安芸郡坂町,i2fas,133,0,133,0
広島県,安芸郡府中町,i2fas,402,0,402,0
広島県,安芸郡海田町,i2fas,257,0,257,0
広島県,安芸郡熊野町,i2fas,188,0,188,0
広島県,安芸高田市,i2fas,380,0,380,0
広島県,尾道市,i2fas,1073,0,1073,0
広島県,山県郡北広島町,i2fas,385,0,385,0
広島県,山県郡安芸太田町,i2fas,185,0,185,0
広島県,広島市,i2fas,7589,1,7588,0
広島県,庄原市,i2fas,610,0,610,0
広島県,府中市,i2fas,392,0,392,0
広島県,廿日市市,i2fas,1265,3,1262,0
広島県,東広島市,i2fas,1598,1,1597,0
広島県,江田島市,i2fas,418,0,418,0
広島県,神石郡神石高原町,i2fas,217,0,217,0
広島県,福山市,自身,10982,2,5325,5655
広島県,竹原市,i2fas,258,0,258,0
広島県,豊田郡大崎上島町,i2fas,100,0,100,0
徳島県,三好市,管轄主体,378,0,378,0
徳島県,三好郡東みよし町,管轄主体,165,0,165,0
徳島県,不明,不明,54,0,0,54
徳島県,勝浦郡上勝町,管轄主体,8,0,8,0
徳島県,勝浦郡勝浦町,管轄主体,11,0,11,0
徳島県,吉野川市,管轄主体,130,0,130,0
徳島県,名東郡佐那河内村,管轄主体,15,0,15,0
徳島県,名西郡石井町,管轄主体,50,0,50,0
徳島県,名西郡神山町,管轄主体,24,0,24,0
徳島県,小松島市,管轄主体,99,0,99,0
徳島県,板野郡上板町,管轄主体,18,0,18,0
徳島県,板野郡北島町,管轄主体,59,1,58,0
徳島県,板野郡松茂町,管轄主体,3778,5,3740,33
徳島県,板野郡板野町,管轄主体,46,0,46,0
徳島県,板野郡藍住町,管轄主体,98,0,98,0
徳島県,海部郡海陽町,管轄主体,198,0,198,0
徳島県,海部郡牟岐町,管轄主体,81,0,81,0
徳島県,海部郡美波町,管轄主体,158,0,158,0
徳島県,美馬市,管轄主体,571,0,571,0
徳島県,美馬郡つるぎ町,管轄主体,188,0,188,0
徳島県,那賀郡那賀町,管轄主体,199,0,199,0
徳島県,阿南市,管轄主体,918,0,918,0
徳島県,阿波市,管轄主体,85,0,85,0
徳島県,鳴門市,管轄主体,162,0,162,0
愛媛県,上浮穴郡久万高原町,自身,396,57,339,0
愛媛県,不明,不明,163,0,0,163
愛媛県,今治市,i2fas,2938,0,2938,0
愛媛県,伊予市,i2fas,543,0,543,0
愛媛県,伊予郡松前町,i2fas,369,0,369,0
愛媛県,伊予郡砥部町,i2fas,291,1,290,0
愛媛県,八幡浜市,i2fas,634,0,634,0
愛媛県,北宇和郡松野町,i2fas,110,0,110,0
愛媛県,北宇和郡鬼北町,i2fas,253,0,253,0
愛媛県,南宇和郡愛南町,i2fas,515,0,515,0
愛媛県,喜多郡内子町,i2fas,485,0,485,0
愛媛県,四国中央市,i2fas,1010,1,1009,0
愛媛県,大洲市,i2fas,827,0,827,0
愛媛県,宇和島市,i2fas,1663,1,1662,0
愛媛県,新居浜市,i2fas,1631,0,1631,0
愛媛県,東温市,i2fas,458,3,455,0
愛媛県,松山市,自身,14550,7690,6860,0
愛媛県,西予市,i2fas,771,0,771,0
愛媛県,西宇和郡伊方町,i2fas,154,0,154,0
愛媛県,西条市,i2fas,1782,0,1782,0
愛媛県,越智郡上島町,i2fas,143,0,143,0
愛知県,あま市,管轄主体,105,6,99,0
愛知県,みよし市,管轄主体,60,2,58,0
愛知県,一宮市,自身,3382,2845,537,0
愛知県,不明,不明,235,12,0,223
愛知県,丹羽郡大口町,管轄主体,55,0,55,0
愛知県,丹羽郡扶桑町,管轄主体,43,1,42,0
愛知県,刈谷市,管轄主体,199,8,191,0
愛知県,北名古屋市,管轄主体,140,2,138,0
愛知県,北設楽郡東栄町,管轄主体,6,4,2,0
愛知県,北設楽郡設楽町,管轄主体,6,0,6,0
愛知県,北設楽郡豊根村,管轄主体,4,1,3,0
愛知県,半田市,管轄主体,164,24,140,0
愛知県,名古屋市,自身,3978,15,3963,0
愛知県,大府市,管轄主体,119,8,111,0
愛知県,安城市,管轄主体,264,19,245,0
愛知県,小牧市,管轄主体,335,5,330,0
愛知県,尾張旭市,管轄主体,81,4,77,0
愛知県,岡崎市,自身,4484,4047,437,0
愛知県,岩倉市,管轄主体,66,0,66,0
愛知県,常滑市,管轄主体,118,6,112,0
愛知県,弥富市,管轄主体,73,2,71,0
愛知県,愛知郡東郷町,管轄主体,66,0,66,0
愛知県,愛西市,管轄主体,79,2,77,0
愛知県,新城市,管轄主体,56,9,47,0
愛知県,日進市,管轄主体,119,4,115,0
愛知県,春日井市,管轄主体,526,26,500,0
愛知県,東海市,管轄主体,123,5,118,0
愛知県,江南市,管轄主体,143,2,141,0
愛知県,津島市,管轄主体,142,5,137,0
愛知県,海部郡大治町,管轄主体,22,0,22,0
愛知県,海部郡蟹江町,管轄主体,48,1,47,0
愛知県,海部郡飛島村,管轄主体,23,0,23,0
愛知県,清須市,管轄主体,91,0,91,0
愛知県,瀬戸市,管轄主体,115,5,110,0
愛知県,犬山市,管轄主体,88,3,85,0
愛知県,田原市,管轄主体,70,10,60,0
愛知県,知多市,管轄主体,52,5,47,0
愛知県,知多郡南知多町,管轄主体,15,3,12,0
愛知県,知多郡東浦町,管轄主体,93,2,91,0
愛知県,知多郡武豊町,管轄主体,44,5,39,0
愛知県,知多郡美浜町,管轄主体,23,6,17,0
愛知県,知多郡阿久比町,管轄主体,40,2,38,0
愛知県,知立市,管轄主体,91,4,87,0
愛知県,碧南市,管轄主体,81,5,76,0
愛知県,稲沢市,管轄主体,215,6,209,0
愛知県,蒲郡市,管轄主体,102,4,98,0
愛知県,西尾市,管轄主体,219,15,204,0
愛知県,西春日井郡豊山町,管轄主体,89,0,89,0
愛知県,豊川市,管轄主体,276,25,251,0
愛知県,豊明市,管轄主体,72,4,68,0
愛知県,豊橋市,自身,406,20,386,0
愛知県,豊田市,自身,3967,3682,285,0
愛知県,長久手市,管轄主体,122,4,118,0
愛知県,額田郡幸田町,管轄主体,39,2,37,0
愛知県,高浜市,管轄主体,64,4,60,0
新潟県,三条市,i2fas,92,0,92,0
新潟県,上越市,i2fas,212,0,212,0
新潟県,不明,不明,32,0,0,32
新潟県,中魚沼郡津南町,i2fas,11,0,11,0
新潟県,五泉市,i2fas,49,0,49,0
新潟県,佐渡市,i2fas,41,0,41,0
新潟県,刈羽郡刈羽村,i2fas,4,0,4,0
新潟県,加茂市,i2fas,20,0,20,0
新潟県,北蒲原郡聖籠町,i2fas,14,0,14,0
新潟県,十日町市,i2fas,37,0,37,0
新潟県,南蒲原郡田上町,i2fas,5,0,5,0
新潟県,南魚沼市,i2fas,64,0,64,0
新潟県,南魚沼郡湯沢町,i2fas,36,0,36,0
新潟県,妙高市,i2fas,40,0,40,0
新潟県,小千谷市,i2fas,28,0,28,0
新潟県,岩船郡粟島浦村,i2fas,1,0,1,0
新潟県,岩船郡関川村,i2fas,2,0,2,0
新潟県,新潟市,i2fas,1216,2,1214,0
新潟県,新発田市,i2fas,116,0,116,0
新潟県,村上市,i2fas,48,0,48,0
新潟県,東蒲原郡阿賀町,i2fas,9,0,9,0
新潟県,柏崎市,i2fas,74,0,74,0
新潟県,燕市,i2fas,74,0,74,0
新潟県,糸魚川市,i2fas,56,0,55,1
新潟県,胎内市,i2fas,35,0,35,0
新潟県,西蒲原郡弥彦村,i2fas,7,0,7,0
新潟県,見附市,i2fas,42,0,42,0
新潟県,長岡市,i2fas,277,0,277,0
新潟県,阿賀野市,i2fas,46,0,46,0
新潟県,魚沼市,i2fas,42,0,42,0
東京都,あきる野市,i2fas,688,578,110,0
東京都,三鷹市,i2fas,1490,1176,314,0
東京都,不明,不明,1547,461,0,1086
東京都,世田谷区,自身,9006,7430,1576,0
東京都,中央区,自身,3231,3,3213,15
東京都,中野区,自身,6205,2,6203,0
東京都,八丈島八丈町,不明,15,3,12,0
東京都,八王子市,i2fas,803,2,801,0
東京都,利島村,不明,32,32,0,0
東京都,北区,i2fas,1920,1290,630,0
東京都,千代田区,i2fas,1097,3,1094,0
東京都,台東区,自身,8381,120,8261,0
東京都,品川区,自身,2783,1983,800,0
東京都,国分寺市,i2fas,1434,1149,285,0
東京都,国立市,i2fas,908,777,131,0
東京都,墨田区,i2fas,2566,0,2566,0
東京都,多摩市,i2fas,1314,1006,308,0
東京都,大島町,i2fas,334,332,2,0
東京都,大田区,i2fas,1398,1,1397,0
東京都,小平市,i2fas,1466,1149,317,0
東京都,小笠原村,不明,173,173,0,0
東京都,小金井市,i2fas,1092,869,223,0
東京都,府中市,i2fas,2373,1930,443,0
東京都,御蔵島村,不明,27,27,0,0
東京都,文京区,i2fas,463,1,462,0
東京都,新宿区,自身,16028,14729,1299,0
東京都,新島村,不明,217,217,0,0
東京都,日野市,i2fas,1269,984,285,0
東京都,昭島市,i2fas,1139,971,168,0
東京都,杉並区,i2fas,674,1,673,0
東京都,東久留米市,i2fas,937,753,184,0
東京都,東大和市,i2fas,731,596,135,0
東京都,東村山市,自身,2883,1122,1761,0
東京都,板橋区,自身,589,1,559,29
東京都,武蔵村山市,i2fas,656,508,148,0
東京都,武蔵野市,i2fas,3192,2615,577,0
東京都,江戸川区,i2fas,1251,0,1251,0
東京都,江東区,自身,3217,2,3215,0
東京都,清瀬市,i2fas,617,507,110,0
東京都,渋谷区,自身,43865,11,43854,0
東京都,港区,自身,6782,5577,1205,0
東京都,狛江市,i2fas,650,527,123,0
東京都,町田市,i2fas,849,0,849,0
東京都,目黒区,i2fas,445,1,444,0
東京都,神津島村,不明,130,130,0,0
東京都,福生市,i2fas,796,695,101,0
東京都,稲城市,i2fas,615,482,133,0
東京都,立川市,i2fas,3082,2556,526,0
東京都,練馬区,i2fas,840,0,840,0
東京都,羽村市,i2fas,700,614,86,0
東京都,荒川区,i2fas,330,1,329,0
東京都,葛飾区,i2fas,860,1,859,0
東京都,西多摩郡奥多摩町,i2fas,154,142,12,0
東京都,西多摩郡日の出町,i2fas,241,169,72,0
東京都,西多摩郡檜原村,i2fas,92,85,7,0
東京都,西多摩郡瑞穂町,i2fas,298,248,50,0
東京都,西東京市,i2fas,1787,1471,316,0
東京都,調布市,i2fas,2343,1802,541,0
東京都,豊島区,i2fas,817,0,817,0
東京都,足立区,i2fas,1019,0,1019,0
東京都,青ヶ島村,i2fas,18,17,1,0
東京都,青梅市,i2fas,1187,998,189,0
栃木県,さくら市,i2fas,248,111,137,0
栃木県,下都賀郡壬生町,i2fas,133,0,133,0
栃木県,下都賀郡野木町,i2fas,87,1,86,0
栃木県,下野市,i2fas,298,5,293,0
栃木県,不明,不明,141,0,0,141
栃木県,佐野市,i2fas,875,405,470,0
栃木県,塩谷郡塩谷町,i2fas,62,31,31,0
栃木県,塩谷郡高根沢町,i2fas,103,45,58,0
栃木県,大田原市,i2fas,582,283,299,0
栃木県,宇都宮市,自身,9080,83,7594,1403
栃木県,小山市,i2fas,1131,16,1115,0
栃木県,日光市,i2fas,836,405,431,0
栃木県,栃木市,i2fas,602,6,596,0
栃木県,河内郡上三川町,i2fas,181,1,180,0
栃木県,真岡市,i2fas,463,173,290,0
栃木県,矢板市,i2fas,222,120,102,0
栃木県,芳賀郡市貝町,i2fas,58,17,41,0
栃木県,芳賀郡益子町,i2fas,185,84,101,0
栃木県,芳賀郡芳賀町,i2fas,89,35,54,0
栃木県,芳賀郡茂木町,i2fas,110,58,52,0
栃木県,足利市,i2fas,942,461,481,0
栃木県,那須塩原市,i2fas,977,500,477,0
栃木県,那須烏山市,i2fas,137,72,65,0
栃木県,那須郡那珂川町,i2fas,110,62,48,0
栃木県,那須郡那須町,i2fas,502,317,185,0
栃木県,鹿沼市,i2fas,516,223,293,0
沖縄県,うるま市,管轄主体,2983,2874,109,0
沖縄県,不明,不明,4307,4247,0,60
沖縄県,中頭郡中城村,管轄主体,318,307,11,0
沖縄県,中頭郡北中城村,管轄主体,457,426,31,0
沖縄県,中頭郡北谷町,管轄主体,1168,1124,44,0
沖縄県,中頭郡嘉手納町,管轄主体,301,297,4,0
沖縄県,中頭郡西原町,管轄主体,570,539,31,0
沖縄県,中頭郡読谷村,管轄主体,893,867,26,0
沖縄県,八重山郡与那国町,管轄主体,167,160,7,0
沖縄県,八重山郡竹富町,管轄主体,490,483,7,0
沖縄県,南城市,管轄主体,860,804,56,0
沖縄県,名護市,管轄主体,2218,2157,61,0
沖縄県,国頭郡今帰仁村,管轄主体,440,434,6,0
沖縄県,国頭郡伊江村,管轄主体,225,219,6,0
沖縄県,国頭郡国頭村,管轄主体,253,252,1,0
沖縄県,国頭郡大宜味村,管轄主体,129,128,1,0
沖縄県,国頭郡宜野座村,管轄主体,194,190,4,0
沖縄県,国頭郡恩納村,管轄主体,722,716,6,0
沖縄県,国頭郡本部町,管轄主体,736,729,7,0
沖縄県,国頭郡東村,管轄主体,194,192,2,0
沖縄県,国頭郡金武町,管轄主体,381,376,5,0
沖縄県,宜野湾市,管轄主体,2029,1945,84,0
沖縄県,宮古島市,管轄主体,2260,2233,27,0
沖縄県,宮古郡多良間村,管轄主体,63,63,0,0
沖縄県,島尻郡与那原町,管轄主体,460,442,18,0
沖縄県,島尻郡久米島町,管轄主体,355,339,16,0
沖縄県,島尻郡伊平屋村,管轄主体,85,83,2,0
沖縄県,島尻郡伊是名村,管轄主体,78,74,4,0
沖縄県,島尻郡八重瀬町,管轄主体,451,432,19,0
沖縄県,島尻郡北大東村,管轄主体,2,0,2,0
沖縄県,島尻郡南風原町,管轄主体,623,579,44,0
沖縄県,島尻郡座間味村,管轄主体,144,139,5,0
沖縄県,島尻郡渡名喜村,管轄主体,19,15,4,0
沖縄県,島尻郡渡嘉敷村,管轄主体,76,74,2,0
沖縄県,島尻郡粟国村,管轄主体,40,40,0,0
沖縄県,沖縄市,管轄主体,3694,3624,70,0
沖縄県,浦添市,管轄主体,2505,2359,146,0
沖縄県,石垣市,管轄主体,2741,2706,35,0
沖縄県,糸満市,管轄主体,1488,1420,68,0
沖縄県,豊見城市,管轄主体,1025,956,69,0
沖縄県,那覇市,自身,440,60,380,0
滋賀県,不明,不明,101,0,0,101
滋賀県,大津市,自身,5052,4480,572,0
滋賀県,守山市,管轄主体,211,0,211,0
滋賀県,彦根市,管轄主体,350,3,347,0
滋賀県,愛知郡愛荘町,管轄主体,53,0,53,0
滋賀県,東近江市,管轄主体,360,3,357,0
滋賀県,栗東市,管轄主体,133,0,133,0
滋賀県,湖南市,管轄主体,150,0,150,0
滋賀県,犬上郡多賀町,管轄主体,36,0,36,0
滋賀県,犬上郡甲良町,管轄主体,29,0,29,0
滋賀県,犬上郡豊郷町,管轄主体,22,0,22,0
滋賀県,甲賀市,管轄主体,380,3,377,0
滋賀県,米原市,管轄主体,126,0,126,0
滋賀県,草津市,管轄主体,416,1,415,0
滋賀県,蒲生郡日野町,管轄主体,55,0,55,0
滋賀県,蒲生郡竜王町,管轄主体,56,0,56,0
滋賀県,近江八幡市,管轄主体,282,0,282,0
滋賀県,野洲市,管轄主体,161,0,161,0
滋賀県,長浜市,管轄主体,366,4,362,0
滋賀県,高島市,管轄主体,216,0,216,0
熊本県,上天草市,管轄主体,1344,601,743,0
熊本県,上益城郡嘉島町,管轄主体,561,208,353,0
熊本県,上益城郡山都町,管轄主体,753,332,421,0
熊本県,上益城郡御船町,管轄主体,579,251,328,0
熊本県,上益城郡甲佐町,管轄主体,338,145,193,0
熊本県,上益城郡益城町,管轄主体,793,304,489,0
熊本県,下益城郡美里町,管轄主体,306,112,194,0
熊本県,不明,不明,606,472,0,134
熊本県,人吉市,管轄主体,1718,722,996,0
熊本県,八代市,管轄主体,3952,1896,2056,0
熊本県,八代郡氷川町,管轄主体,389,181,208,0
熊本県,合志市,管轄主体,1351,578,773,0
熊本県,天草市,管轄主体,4040,1665,2375,0
熊本県,天草郡苓北町,管轄主体,316,130,186,0
熊本県,宇土市,管轄主体,865,308,557,0
熊本県,宇城市,管轄主体,1560,556,1004,0
熊本県,山鹿市,管轄主体,2046,901,1145,0
熊本県,水俣市,管轄主体,888,377,511,0
熊本県,熊本市,自身,7965,6764,1201,0
熊本県,玉名市,管轄主体,1801,762,1039,0
熊本県,玉名郡南関町,管轄主体,368,169,199,0
熊本県,玉名郡和水町,自身,481,171,310,0
熊本県,玉名郡玉東町,管轄主体,132,63,69,0
熊本県,玉名郡長洲町,管轄主体,298,128,170,0
熊本県,球磨郡あさぎり町,管轄主体,534,210,324,0
熊本県,球磨郡五木村,管轄主体,199,50,149,0
熊本県,球磨郡多良木町,管轄主体,385,174,211,0
熊本県,球磨郡山江村,管轄主体,124,41,83,0
熊本県,球磨郡水上村,管轄主体,164,61,103,0
熊本県,球磨郡湯前町,管轄主体,135,47,88,0
熊本県,球磨郡球磨村,管轄主体,100,39,61,0
熊本県,球磨郡相良村,管轄主体,148,37,111,0
熊本県,球磨郡錦町,管轄主体,434,177,257,0
熊本県,荒尾市,管轄主体,1142,530,612,0
熊本県,菊池市,管轄主体,2317,924,1393,0
熊本県,菊池郡大津町,管轄主体,1003,460,543,0
熊本県,菊池郡菊陽町,管轄主体,1338,595,743,0
熊本県,葦北郡津奈木町,管轄主体,155,75,80,0
熊本県,葦北郡芦北町,管轄主体,579,240,339,0
熊本県,阿蘇市,管轄主体,1116,765,351,0
熊本県,阿蘇郡南小国町,管轄主体,361,249,112,0
熊本県,阿蘇郡南阿蘇村,管轄主体,657,447,210,0
熊本県,阿蘇郡小国町,管轄主体,361,264,97,0
熊本県,阿蘇郡産山村,管轄主体,108,66,42,0
熊本県,阿蘇郡西原村,管轄主体,318,206,112,0
熊本県,阿蘇郡高森町,管轄主体,223,146,77,0
県外,不明,不明,4,0,0,4
県外,小矢部市,不明,1,0,0,1
県外,立山町,不明,2,0,0,2
県外,舟橋村,不明,1,0,0,1
県外,金沢市,不明,1,0,0,1
石川県,かほく市,管轄主体,669,65,604,0
石川県,七尾市,管轄主体,1585,183,1402,0
石川県,不明,不明,311,2,0,309
石川県,内灘町,不明,1,0,0,1
石川県,加賀市,管轄主体,2000,185,1814,1
石川県,小松市,管轄主体,2922,245,2677,0
石川県,河北郡内灘町,管轄主体,289,36,253,0
石川県,河北郡津幡町,管轄主体,547,75,472,0
石川県,津幡町,不明,1,0,0,1
石川県,珠洲市,管轄主体,381,42,339,0
石川県,白山市,管轄主体,2807,368,2439,0
石川県,羽咋市,管轄主体,497,35,462,0
石川県,羽咋郡宝達志水町,管轄主体,237,34,203,0
石川県,羽咋郡志賀町,管轄主体,575,34,541,0
石川県,能美市,管轄主体,876,59,817,0
石川県,能美郡川北町,管轄主体,121,16,105,0
石川県,輪島市,管轄主体,862,72,790,0
石川県,野々市市,管轄主体,1342,159,1183,0
石川県,金沢市,自身,9993,0,9991,2
石川県,鳳珠郡穴水町,管轄主体,246,22,224,0
石川県,鳳珠郡能登町,管轄主体,518,64,454,0
石川県,鹿島郡中能登町,管轄主体,373,28,345,0
神奈川県,三浦市,i2fas,45,0,45,0
神奈川県,三浦郡葉山町,i2fas,44,0,44,0
神奈川県,不明,不明,581,0,0,581
神奈川県,中郡二宮町,i2fas,46,0,46,0
神奈川県,中郡大磯町,i2fas,42,0,42,0
神奈川県,伊勢原市,i2fas,172,0,172,0
神奈川県,南足柄市,i2fas,37,0,37,0
神奈川県,厚木市,i2fas,393,0,393,0
神奈川県,大和市,i2fas,428,0,428,0
神奈川県,小田原市,i2fas,416,1,415,0
神奈川県,川崎市,自身,3131,8,3123,0
神奈川県,平塚市,i2fas,457,0,457,0
神奈川県,座間市,i2fas,185,1,184,0
神奈川県,愛甲郡愛川町,i2fas,60,0,60,0
神奈川県,愛甲郡清川村,i2fas,11,0,11,0
神奈川県,横浜市,i2fas,8365,21,8344,0
神奈川県,横須賀市,自身,416,0,416,0
神奈川県,海老名市,i2fas,293,1,292,0
神奈川県,相模原市,i2fas,6043,4931,1112,0
神奈川県,秦野市,i2fas,221,0,221,0
神奈川県,綾瀬市,i2fas,109,0,109,0
神奈川県,茅ヶ崎市,自身,5061,2741,2320,0
神奈川県,藤沢市,自身,805,0,805,0
神奈川県,足柄上郡中井町,i2fas,11,0,11,0
神奈川県,足柄上郡大井町,i2fas,33,0,33,0
神奈川県,足柄上郡山北町,i2fas,6,0,6,0
神奈川県,足柄上郡松田町,i2fas,13,0,13,0
神奈川県,足柄上郡開成町,i2fas,29,0,29,0
神奈川県,足柄下郡湯河原町,i2fas,55,0,55,0
神奈川県,足柄下郡真鶴町,i2fas,13,0,13,0
神奈川県,足柄下郡箱根町,i2fas,114,0,114,0
神奈川県,逗子市,i2fas,59,0,59,0
神奈川県,鎌倉市,i2fas,331,1,330,0
神奈川県,高座郡寒川町,i2fas,387,0,387,0
福井県,あわら市,管轄主体,108,1,107,0
福井県,三方上中郡若狭町,管轄主体,137,0,137,0
福井県,三方郡美浜町,管轄主体,97,0,97,0
福井県,不明,不明,16313,0,0,16313
福井県,丹生郡越前町,管轄主体,48,0,48,0
福井県,今立郡池田町,管轄主体,5,0,5,0
福井県,勝山市,管轄主体,214,0,214,0
福井県,南条郡南越前町,管轄主体,13,0,13,0
福井県,吉田郡永平寺町,管轄主体,31,0,31,0
福井県,坂井市,管轄主体,279,0,279,0
福井県,大野市,管轄主体,250,0,250,0
福井県,大飯郡おおい町,管轄主体,93,0,93,0
福井県,大飯郡高浜町,管轄主体,106,2,104,0
福井県,小浜市,管轄主体,346,0,346,0
福井県,敦賀市,管轄主体,657,0,657,0
福井県,福井市,自身,777,0,777,0
福井県,越前市,管轄主体,206,0,205,1
福井県,鯖江市,管轄主体,181,0,181,0
福岡県,うきは市,i2fas,51,0,51,0
福岡県,みやま市,i2fas,57,0,57,0
福岡県,三井郡大刀洗町,i2fas,28,0,28,0
福岡県,三潴郡大木町,i2fas,30,0,30,0
福岡県,不明,不明,995,84,0,911
福岡県,中間市,i2fas,56,0,56,0
福岡県,久留米市,自身,5391,92,5299,0
福岡県,京都郡みやこ町,i2fas,10,0,10,0
福岡県,京都郡苅田町,i2fas,41,0,41,0
福岡県,八女市,i2fas,162,0,162,0
福岡県,八女郡広川町,i2fas,44,0,44,0
福岡県,北九州市,自身,14823,169,14654,0
福岡県,古賀市,i2fas,109,0,109,0
福岡県,嘉穂郡桂川町,i2fas,11,0,11,0
福岡県,嘉麻市,i2fas,33,0,33,0
福岡県,大川市,i2fas,48,0,48,0
福岡県,大牟田市,i2fas,195,1,194,0
福岡県,大野城市,i2fas,156,0,156,0
福岡県,太宰府市,i2fas,87,1,86,0
福岡県,宗像市,i2fas,133,1,132,0
福岡県,宮若市,i2fas,44,0,44,0
福岡県,小郡市,i2fas,105,0,105,0
福岡県,春日市,i2fas,167,0,167,0
福岡県,朝倉市,i2fas,89,0,89,0
福岡県,朝倉郡東峰村,i2fas,2,0,2,0
福岡県,朝倉郡筑前町,i2fas,28,0,28,0
福岡県,柳川市,i2fas,93,0,93,0
福岡県,田川市,i2fas,72,0,72,0
福岡県,田川郡大任町,i2fas,2,0,2,0
福岡県,田川郡川崎町,i2fas,19,0,19,0
福岡県,田川郡添田町,i2fas,1,0,1,0
福岡県,田川郡福智町,i2fas,22,0,22,0
福岡県,田川郡糸田町,i2fas,2,0,2,0
福岡県,田川郡赤村,i2fas,2,0,2,0
福岡県,田川郡香春町,i2fas,4,0,4,0
福岡県,直方市,i2fas,143,0,143,0
福岡県,福岡市,自身,33380,5746,27634,0
福岡県,福津市,i2fas,151,1,150,0
福岡県,筑後市,i2fas,112,0,112,0
福岡県,筑紫野市,i2fas,186,2,184,0
福岡県,築上郡上毛町,i2fas,11,0,11,0
福岡県,築上郡吉富町,i2fas,5,0,5,0
福岡県,築上郡築上町,i2fas,13,0,13,0
福岡県,糟屋郡久山町,i2fas,36,0,36,0
福岡県,糟屋郡宇美町,i2fas,41,0,41,0
福岡県,糟屋郡志免町,i2fas,84,0,84,0
福岡県,糟屋郡新宮町,i2fas,107,0,107,0
福岡県,糟屋郡篠栗町,i2fas,37,0,37,0
福岡県,糟屋郡粕屋町,i2fas,139,1,138,0
福岡県,糟屋郡須恵町,不明,35,1,34,0
福岡県,糸島市,i2fas,125,3,122,0
福岡県,行橋市,i2fas,102,0,102,0
福岡県,豊前市,i2fas,33,0,33,0
福岡県,遠賀郡岡垣町,i2fas,30,0,30,0
福岡県,遠賀郡水巻町,i2fas,45,0,45,0
福岡県,遠賀郡芦屋町,i2fas,21,0,21,0
福岡県,遠賀郡遠賀町,i2fas,27,0,27,0
福岡県,那珂川市,i2fas,110,0,110,0
福岡県,鞍手郡小竹町,i2fas,11,0,11,0
福岡県,鞍手郡鞍手町,i2fas,26,0,26,0
福岡県,飯塚市,i2fas,243,0,243,0
福島県,いわき市,自身,4647,4057,272,318
福島県,不明,不明,1142,1130,0,12
福島県,二本松市,管轄主体,678,635,43,0
福島県,伊達市,管轄主体,671,615,56,0
福島県,伊達郡国見町,管轄主体,89,78,11,0
福島県,伊達郡川俣町,管轄主体,140,135,5,0
福島県,伊達郡桑折町,管轄主体,108,104,4,0
福島県,会津若松市,管轄主体,1863,1745,118,0
福島県,南会津郡下郷町,管轄主体,178,177,1,0
福島県,南会津郡南会津町,管轄主体,370,365,5,0
福島県,南会津郡只見町,管轄主体,133,132,1,0
福島県,南会津郡檜枝岐村,管轄主体,63,63,0,0
福島県,南相馬市,管轄主体,745,693,52,0
福島県,双葉郡双葉町,管轄主体,22,19,3,0
福島県,双葉郡大熊町,管轄主体,34,31,3,0
福島県,双葉郡富岡町,管轄主体,72,71,1,0
福島県,双葉郡川内村,管轄主体,42,41,1,0
福島県,双葉郡広野町,管轄主体,92,87,5,0
福島県,双葉郡楢葉町,管轄主体,103,99,4,0
福島県,双葉郡浪江町,管轄主体,103,91,12,0
福島県,双葉郡葛尾村,管轄主体,16,16,0,0
福島県,喜多方市,管轄主体,696,671,25,0
福島県,大沼郡三島町,管轄主体,33,32,1,0
福島県,大沼郡会津美里町,管轄主体,177,169,8,0
福島県,大沼郡昭和村,管轄主体,30,29,1,0
福島県,大沼郡金山町,管轄主体,63,62,1,0
福島県,安達郡大玉村,管轄主体,98,93,5,0
福島県,岩瀬郡天栄村,管轄主体,105,104,1,0
福島県,岩瀬郡鏡石町,管轄主体,125,117,8,0
福島県,本宮市,管轄主体,322,286,36,0
福島県,東白川郡塙町,管轄主体,158,148,10,0
福島県,東白川郡棚倉町,管轄主体,227,209,18,0
福島県,東白川郡矢祭町,管轄主体,91,88,3,0
福島県,東白川郡鮫川村,管轄主体,55,52,3,0
福島県,河沼郡会津坂下町,管轄主体,257,244,13,0
福島県,河沼郡柳津町,管轄主体,84,83,1,0
福島県,河沼郡湯川村,管轄主体,28,28,0,0
福島県,田村市,管轄主体,374,335,39,0
福島県,田村郡三春町,管轄主体,206,202,4,0
福島県,田村郡小野町,管轄主体,126,109,17,0
福島県,白河市,管轄主体,915,860,55,0
福島県,相馬市,管轄主体,521,488,33,0
福島県,相馬郡新地町,管轄主体,85,81,4,0
福島県,相馬郡飯舘村,管轄主体,45,44,1,0
福島県,石川郡古殿町,管轄主体,56,53,3,0
福島県,石川郡平田村,管轄主体,76,73,3,0
福島県,石川郡浅川町,管轄主体,50,45,5,0
福島県,石川郡玉川村,管轄主体,84,75,9,0
福島県,石川郡石川町,管轄主体,164,152,12,0
福島県,福島市,自身,264,0,264,0
福島県,耶麻郡北塩原村,管轄主体,203,203,0,0
福島県,耶麻郡猪苗代町,管轄主体,374,365,9,0
福島県,耶麻郡磐梯町,管轄主体,90,88,2,0
福島県,耶麻郡西会津町,管轄主体,119,116,3,0
福島県,西白河郡中島村,管轄主体,43,36,7,0
福島県,西白河郡泉崎村,管轄主体,75,71,4,0
福島県,西白河郡矢吹町,管轄主体,215,197,18,0
福島県,西白河郡西郷村,管轄主体,277,248,29,0
福島県,郡山市,自身,4659,4311,348,0
福島県,須賀川市,管轄主体,845,769,76,0
秋田県,にかほ市,i2fas,14,1,13,0
秋田県,不明,不明,13,0,0,13
秋田県,仙北市,i2fas,21,0,21,0
秋田県,仙北郡美郷町,i2fas,6,0,6,0
秋田県,北秋田市,i2fas,40,2,38,0
秋田県,北秋田郡上小阿仁村,i2fas,2,0,2,0
秋田県,南秋田郡五城目町,i2fas,6,0,6,0
秋田県,南秋田郡井川町,i2fas,2,0,2,0
秋田県,南秋田郡八郎潟町,i2fas,4,0,4,0
秋田県,南秋田郡大潟村,i2fas,1,0,1,0
秋田県,大仙市,i2fas,111,0,111,0
秋田県,大館市,i2fas,172,0,172,0
秋田県,山本郡三種町,i2fas,14,0,14,0
秋田県,山本郡八峰町,i2fas,8,0,8,0
秋田県,山本郡藤里町,i2fas,2,0,2,0
秋田県,横手市,i2fas,87,0,87,0
秋田県,湯沢市,i2fas,42,0,42,0
秋田県,潟上市,i2fas,21,0,21,0
秋田県,由利本荘市,i2fas,62,0,62,0
秋田県,男鹿市,i2fas,25,0,25,0
秋田県,秋田市,自身,1209,2,1207,0
秋田県,能代市,i2fas,68,0,68,0
秋田県,雄勝郡羽後町,i2fas,22,0,22,0
秋田県,鹿角市,i2fas,26,0,26,0
秋田県,鹿角郡小坂町,i2fas,3,0,3,0
群馬県,みどり市,i2fas,409,31,378,0
群馬県,不明,不明,485,0,0,485
群馬県,伊勢崎市,i2fas,1618,1,1617,0
群馬県,佐波郡玉村町,不明,222,0,222,0
群馬県,利根郡みなかみ町,i2fas,250,0,250,0
群馬県,利根郡川場村,i2fas,65,1,64,0
群馬県,利根郡昭和村,i2fas,94,0,94,0
群馬県,利根郡片品村,i2fas,113,0,113,0
群馬県,前橋市,自身,5529,2099,3430,0
群馬県,北群馬郡吉岡町,i2fas,159,0,159,0
群馬県,北群馬郡榛東村,i2fas,65,5,60,0
群馬県,吾妻郡中之条町,i2fas,154,0,154,0
群馬県,吾妻郡嬬恋村,i2fas,138,0,138,0
群馬県,吾妻郡東吾妻町,i2fas,106,0,106,0
群馬県,吾妻郡草津町,i2fas,278,0,278,0
群馬県,吾妻郡長野原町,i2fas,132,12,120,0
群馬県,吾妻郡高山村,i2fas,42,0,42,0
群馬県,多野郡上野村,i2fas,53,4,49,0
群馬県,多野郡神流町,i2fas,28,3,25,0
群馬県,太田市,i2fas,1586,65,1521,0
群馬県,安中市,i2fas,571,4,567,0
群馬県,富岡市,i2fas,496,0,496,0
群馬県,桐生市,i2fas,828,50,778,0
群馬県,沼田市,i2fas,579,0,579,0
群馬県,渋川市,i2fas,771,49,722,0
群馬県,甘楽郡下仁田町,i2fas,137,0,137,0
群馬県,甘楽郡南牧村,i2fas,36,0,36,0
群馬県,甘楽郡甘楽町,i2fas,133,0,133,0
群馬県,藤岡市,i2fas,486,3,483,0
群馬県,邑楽郡千代田町,i2fas,86,12,74,0
群馬県,邑楽郡大泉町,i2fas,428,62,366,0
群馬県,邑楽郡明和町,i2fas,80,5,75,0
群馬県,邑楽郡板倉町,i2fas,97,8,89,0
群馬県,邑楽郡邑楽町,i2fas,194,14,180,0
群馬県,館林市,i2fas,899,53,846,0
群馬県,高崎市,自身,9356,5109,4192,55
茨城県,かすみがうら市,i2fas,51,0,51,0
茨城県,つくばみらい市,i2fas,42,0,42,0
茨城県,つくば市,i2fas,454,2,452,0
茨城県,ひたちなか市,i2fas,210,1,209,0
茨城県,下妻市,i2fas,92,0,92,0
茨城県,不明,不明,118,0,0,118
茨城県,久慈郡大子町,i2fas,11,0,11,0
茨城県,北相馬郡利根町,i2fas,17,0,17,0
茨城県,北茨城市,i2fas,45,0,45,0
茨城県,取手市,i2fas,161,0,161,0
茨城県,古河市,i2fas,232,1,231,0
茨城県,土浦市,i2fas,258,0,258,0
茨城県,坂東市,i2fas,75,0,75,0
茨城県,守谷市,i2fas,116,0,116,0
茨城県,小美玉市,i2fas,45,1,44,0
茨城県,常総市,i2fas,100,0,100,0
茨城県,常陸大宮市,i2fas,38,0,38,0
茨城県,常陸太田市,i2fas,55,1,54,0
茨城県,日立市,i2fas,196,0,196,0
茨城県,東茨城郡城里町,i2fas,19,0,19,0
茨城県,東茨城郡大洗町,i2fas,26,0,26,0
茨城県,東茨城郡茨城町,i2fas,39,1,38,0
茨城県,桜川市,i2fas,33,0,33,0
茨城県,水戸市,i2fas,4460,7,4453,0
茨城県,潮来市,i2fas,45,0,45,0
茨城県,牛久市,i2fas,98,0,98,0
茨城県,猿島郡五霞町,i2fas,48,0,48,0
茨城県,猿島郡境町,i2fas,59,0,59,0
茨城県,石岡市,i2fas,103,0,103,0
茨城県,神栖市,i2fas,162,0,162,0
茨城県,稲敷市,i2fas,67,0,67,0
茨城県,稲敷郡河内町,i2fas,5,0,5,0
茨城県,稲敷郡美浦村,i2fas,18,0,18,0
茨城県,稲敷郡阿見町,i2fas,84,0,84,0
茨城県,笠間市,i2fas,107,0,107,0
茨城県,筑西市,i2fas,150,1,149,0
茨城県,結城市,i2fas,62,0,62,0
茨城県,結城郡八千代町,i2fas,24,0,24,0
茨城県,行方市,i2fas,54,0,54,0
茨城県,那珂市,i2fas,62,0,62,0
茨城県,那珂郡東海村,i2fas,50,2,48,0
茨城県,鉾田市,i2fas,80,0,80,0
茨城県,高萩市,i2fas,36,0,36,0
茨城県,鹿嶋市,i2fas,91,0,91,0
茨城県,龍ケ崎市,不明,115,1,114,0
長崎県,不明,不明,249,2,0,247
長崎県,五島市,管轄主体,1541,763,778,0
長崎県,佐世保市,自身,3229,29,3200,0
長崎県,北松浦郡佐々町,管轄主体,417,206,211,0
長崎県,北松浦郡小値賀町,管轄主体,52,25,27,0
長崎県,南島原市,管轄主体,1772,881,891,0
長崎県,南松浦郡新上五島町,管轄主体,329,162,167,0
長崎県,壱岐市,管轄主体,1435,704,731,0
長崎県,大村市,管轄主体,325,161,164,0
長崎県,対馬市,管轄主体,883,441,442,0
長崎県,島原市,管轄主体,1881,940,941,0
長崎県,平戸市,管轄主体,1350,668,682,0
長崎県,東彼杵郡川棚町,管轄主体,39,20,19,0
長崎県,東彼杵郡東彼杵町,管轄主体,46,23,23,0
長崎県,東彼杵郡波佐見町,管轄主体,39,19,20,0
長崎県,松浦市,管轄主体,702,343,359,0
長崎県,西彼杵郡時津町,管轄主体,295,146,149,0
長崎県,西彼杵郡長与町,管轄主体,259,129,130,0
長崎県,西海市,管轄主体,229,115,114,0
長崎県,諫早市,管轄主体,319,160,159,0
長崎県,長崎市,自身,10214,6139,4075,0
長崎県,雲仙市,管轄主体,1747,869,878,0
長野県,上伊那郡中川村,管轄主体,157,97,60,0
長野県,上伊那郡南箕輪村,管轄主体,324,195,129,0
長野県,上伊那郡宮田村,管轄主体,235,131,104,0
長野県,上伊那郡箕輪町,管轄主体,512,305,207,0
長野県,上伊那郡辰野町,管轄主体,362,225,137,0
長野県,上伊那郡飯島町,管轄主体,300,184,116,0
長野県,上水内郡信濃町,管轄主体,517,292,225,0
長野県,上水内郡小川村,管轄主体,118,72,46,0
長野県,上水内郡飯綱町,管轄主体,347,182,165,0
長野県,上田市,管轄主体,4818,2770,2048,0
長野県,上高井郡小布施町,管轄主体,400,233,167,0
長野県,上高井郡高山村,管轄主体,188,114,74,0
長野県,下伊那郡下條村,管轄主体,113,57,56,0
長野県,下伊那郡喬木村,管轄主体,225,112,113,0
長野県,下伊那郡売木村,管轄主体,118,53,65,0
長野県,下伊那郡大鹿村,管轄主体,117,60,57,0
長野県,下伊那郡天龍村,管轄主体,79,34,45,0
長野県,下伊那郡平谷村,管轄主体,69,37,32,0
長野県,下伊那郡松川町,管轄主体,372,193,179,0
長野県,下伊那郡根羽村,管轄主体,76,39,37,0
長野県,下伊那郡泰阜村,管轄主体,76,39,37,0
長野県,下伊那郡豊丘村,管轄主体,203,91,112,0
長野県,下伊那郡阿南町,管轄主体,140,73,67,0
長野県,下伊那郡阿智村,管轄主体,477,239,238,0
長野県,下伊那郡高森町,管轄主体,388,193,195,0
長野県,下水内郡栄村,管轄主体,115,66,49,0
長野県,下高井郡山ノ内町,管轄主体,1216,669,547,0
長野県,下高井郡木島平村,管轄主体,239,130,109,0
長野県,下高井郡野沢温泉村,管轄主体,856,539,317,0
長野県,不明,不明,386,64,0,322
長野県,中野市,管轄主体,1290,638,652,0
長野県,伊那市,管轄主体,2234,1500,734,0
長野県,佐久市,管轄主体,3114,1947,1166,1
長野県,北佐久郡御代田町,管轄主体,553,359,194,0
長野県,北佐久郡立科町,管轄主体,317,202,115,0
長野県,北佐久郡軽井沢町,管轄主体,2298,1411,887,0
長野県,北安曇郡小谷村,管轄主体,566,292,274,0
長野県,北安曇郡松川村,管轄主体,289,138,151,0
長野県,北安曇郡池田町,管轄主体,341,158,183,0
長野県,北安曇郡白馬村,管轄主体,1933,1081,852,0
長野県,千曲市,管轄主体,1499,835,664,0
長野県,南佐久郡佐久穂町,管轄主体,245,151,94,0
長野県,南佐久郡北相木村,管轄主体,26,15,11,0
長野県,南佐久郡南牧村,管轄主体,163,101,62,0
長野県,南佐久郡南相木村,管轄主体,28,15,13,0
長野県,南佐久郡小海町,管轄主体,191,117,74,0
長野県,南佐久郡川上村,管轄主体,88,56,32,0
長野県,埴科郡坂城町,管轄主体,281,150,131,0
長野県,塩尻市,管轄主体,1831,1042,789,0
長野県,大町市,管轄主体,1583,830,753,0
長野県,安曇野市,管轄主体,2701,1431,1270,0
長野県,小県郡長和町,管轄主体,344,186,158,0
長野県,小県郡青木村,管轄主体,169,88,81,0
長野県,小諸市,管轄主体,1261,757,504,0
長野県,岡谷市,管轄主体,930,527,403,0
長野県,木曽郡上松町,管轄主体,189,94,95,0
長野県,木曽郡南木曽町,管轄主体,196,110,86,0
長野県,木曽郡大桑村,管轄主体,120,63,57,0
長野県,木曽郡木曽町,管轄主体,772,403,369,0
長野県,木曽郡木祖村,管轄主体,188,96,92,0
長野県,木曽郡王滝村,管轄主体,97,54,43,0
長野県,東御市,管轄主体,1070,476,594,0
長野県,東筑摩郡山形村,管轄主体,269,129,140,0
長野県,東筑摩郡朝日村,管轄主体,110,50,60,0
長野県,東筑摩郡生坂村,管轄主体,90,48,42,0
長野県,東筑摩郡筑北村,管轄主体,124,58,66,0
長野県,東筑摩郡麻績村,管轄主体,89,45,44,0
長野県,松本市,自身,2486,412,2074,0
長野県,茅野市,管轄主体,1923,1195,728,0
長野県,諏訪市,管轄主体,2263,1439,824,0
長野県,諏訪郡下諏訪町,管轄主体,502,323,179,0
長野県,諏訪郡原村,管轄主体,270,182,88,0
長野県,諏訪郡富士見町,管轄主体,433,260,173,0
長野県,長野市,自身,8462,5831,2631,0
長野県,須坂市,管轄主体,1600,900,700,0
長野県,飯山市,管轄主体,1151,619,532,0
長野県,飯田市,管轄主体,4240,2223,2017,0
長野県,駒ヶ根市,管轄主体,977,586,391,0
青森県,つがる市,i2fas,63,0,63,0
青森県,むつ市,i2fas,135,1,134,0
青森県,三戸郡三戸町,i2fas,14,0,14,0
青森県,三戸郡五戸町,i2fas,25,0,25,0
青森県,三戸郡南部町,i2fas,36,0,36,0
青森県,三戸郡新郷村,i2fas,3,0,3,0
青森県,三戸郡田子町,i2fas,16,0,16,0
青森県,三戸郡階上町,i2fas,15,0,15,0
青森県,三沢市,i2fas,161,2,159,0
青森県,上北郡おいらせ町,i2fas,86,0,86,0
青森県,上北郡七戸町,i2fas,116,0,116,0
青森県,上北郡六ヶ所村,i2fas,46,0,46,0
青森県,上北郡六戸町,i2fas,34,0,34,0
青森県,上北郡東北町,i2fas,44,1,43,0
青森県,上北郡横浜町,i2fas,21,1,20,0
青森県,上北郡野辺地町,i2fas,51,0,51,0
青森県,下北郡佐井村,i2fas,2,0,2,0
青森県,下北郡大間町,i2fas,17,0,17,0
青森県,下北郡東通村,i2fas,13,0,13,0
青森県,下北郡風間浦村,i2fas,4,0,4,0
青森県,不明,不明,52,0,0,52
青森県,五所川原市,i2fas,109,0,109,0
青森県,八戸市,i2fas,259,7,252,0
青森県,北津軽郡中泊町,i2fas,16,0,16,0
青森県,北津軽郡板柳町,i2fas,17,0,17,0
青森県,北津軽郡鶴田町,i2fas,9,0,9,0
青森県,十和田市,i2fas,332,2,330,0
青森県,南津軽郡大鰐町,i2fas,10,0,10,0
青森県,南津軽郡田舎館村,i2fas,3,0,3,0
青森県,南津軽郡藤崎町,i2fas,27,0,27,0
青森県,平川市,i2fas,33,0,33,0
青森県,弘前市,i2fas,259,1,258,0
青森県,東津軽郡今別町,i2fas,4,0,4,0
青森県,東津軽郡外ヶ浜町,不明,27,0,27,0
青森県,東津軽郡平内町,i2fas,18,0,18,0
青森県,東津軽郡蓬田村,i2fas,8,0,8,0
青森県,西津軽郡深浦町,i2fas,14,0,14,0
青森県,西津軽郡鰺ヶ沢町,i2fas,20,0,20,0
青森県,青森市,自身,357,0,357,0
青森県,黒石市,i2fas,38,0,38,0
静岡県,三島市,i2fas,1753,502,1251,0
静岡県,下田市,i2fas,862,1,861,0
静岡県,不明,不明,1137,14,0,1123
静岡県,伊東市,i2fas,1217,245,972,0
静岡県,伊豆の国市,i2fas,816,255,561,0
静岡県,伊豆市,i2fas,835,290,545,0
静岡県,周智郡森町,i2fas,317,1,316,0
静岡県,富士宮市,i2fas,1481,319,1162,0
静岡県,富士市,i2fas,2276,511,1765,0
静岡県,島田市,i2fas,946,0,946,0
静岡県,御前崎市,i2fas,596,0,596,0
静岡県,御殿場市,i2fas,1460,363,1097,0
静岡県,掛川市,i2fas,1813,4,1809,0
静岡県,榛原郡吉田町,i2fas,366,0,366,0
静岡県,榛原郡川根本町,i2fas,144,1,143,0
静岡県,沼津市,i2fas,3387,1101,2286,0
静岡県,浜松市,自身,9287,234,9053,0
静岡県,湖西市,i2fas,733,0,733,0
静岡県,焼津市,i2fas,1507,1,1506,0
静岡県,熱海市,i2fas,983,100,883,0
静岡県,牧之原市,i2fas,717,0,717,0
静岡県,田方郡函南町,i2fas,460,148,312,0
静岡県,磐田市,i2fas,1819,0,1819,0
静岡県,菊川市,i2fas,645,0,645,0
静岡県,藤枝市,i2fas,1123,1,1122,0
静岡県,袋井市,i2fas,1179,1,1178,0
静岡県,裾野市,i2fas,639,157,482,0
静岡県,賀茂郡南伊豆町,i2fas,404,0,404,0
静岡県,賀茂郡東伊豆町,i2fas,467,0,467,0
静岡県,賀茂郡松崎町,i2fas,244,0,244,0
静岡県,賀茂郡河津町,i2fas,345,0,345,0
静岡県,賀茂郡西伊豆町,i2fas,266,0,266,0
静岡県,静岡市,自身,10856,2340,8516,0
静岡県,駿東郡小山町,i2fas,453,96,357,0
静岡県,駿東郡清水町,i2fas,446,133,313,0
静岡県,駿東郡長泉町,i2fas,373,83,290,0
香川県,さぬき市,i2fas,1112,0,1112,0
香川県,三豊市,i2fas,856,0,856,0
香川県,不明,不明,186,0,0,186
香川県,丸亀市,i2fas,1681,0,1681,0
香川県,仲多度郡まんのう町,i2fas,310,0,310,0
香川県,仲多度郡多度津町,i2fas,271,0,271,0
香川県,仲多度郡琴平町,i2fas,256,2,254,0
香川県,善通寺市,i2fas,478,0,478,0
香川県,坂出市,i2fas,779,0,779,0
香川県,小豆郡土庄町,i2fas,625,2,623,0
香川県,小豆郡小豆島町,i2fas,745,0,745,0
香川県,木田郡三木町,i2fas,397,0,397,0
香川県,東かがわ市,i2fas,532,0,532,0
香川県,綾歌郡宇多津町,i2fas,342,3,339,0
香川県,綾歌郡綾川町,i2fas,356,4,352,0
香川県,観音寺市,i2fas,954,0,954,0
香川県,香川郡直島町,i2fas,126,0,126,0
香川県,高松市,自身,8434,3,1110,7321
高知県,不明,不明,632,0,0,632
高知県,南国市,i2fas,325,0,325,0
高知県,吾川郡いの町,i2fas,345,0,345,0
高知県,吾川郡仁淀川町,i2fas,136,0,136,0
高知県,四万十市,i2fas,1266,0,1266,0
高知県,土佐市,i2fas,438,4,434,0
高知県,土佐清水市,i2fas,424,0,424,0
高知県,土佐郡土佐町,i2fas,41,0,41,0
高知県,土佐郡大川村,i2fas,94,0,94,0
高知県,安芸市,i2fas,343,4,339,0
高知県,安芸郡北川村,i2fas,40,0,40,0
高知県,安芸郡奈半利町,i2fas,81,0,81,0
高知県,安芸郡安田町,i2fas,55,0,55,0
高知県,安芸郡東洋町,i2fas,74,1,73,0
高知県,安芸郡田野町,i2fas,55,0,55,0
高知県,安芸郡芸西村,i2fas,59,7,52,0
高知県,安芸郡馬路村,i2fas,17,0,17,0
高知県,室戸市,i2fas,240,3,237,0
高知県,宿毛市,i2fas,583,1,582,0
高知県,幡多郡三原村,i2fas,46,0,46,0
高知県,幡多郡大月町,i2fas,178,0,178,0
高知県,幡多郡黒潮町,i2fas,438,0,438,0
高知県,長岡郡大豊町,i2fas,49,0,49,0
高知県,長岡郡本山町,i2fas,52,0,52,0
高知県,須崎市,i2fas,385,2,383,0
高知県,香南市,i2fas,210,0,210,0
高知県,香美市,i2fas,156,0,156,0
高知県,高岡郡中土佐町,i2fas,105,0,105,0
高知県,高岡郡佐川町,i2fas,387,0,387,0
高知県,高岡郡四万十町,i2fas,339,3,336,0
高知県,高岡郡日高村,i2fas,127,1,126,0
高知県,高岡郡檮原町,i2fas,104,56,48,0
高知県,高岡郡津野町,i2fas,104,1,103,0
高知県,高岡郡越知町,i2fas,112,0,112,0
高知県,高知市,i2fas,4954,1,4953,0
鳥取県,不明,不明,301,0,0,301
鳥取県,倉吉市,i2fas,113,0,113,0
鳥取県,八頭郡八頭町,i2fas,198,2,196,0
鳥取県,八頭郡智頭町,i2fas,177,10,167,0
鳥取県,八頭郡若桜町,i2fas,80,3,77,0
鳥取県,境港市,i2fas,137,0,137,0
鳥取県,岩美郡岩美町,i2fas,208,5,203,0
鳥取県,日野郡日南町,i2fas,20,0,20,0
鳥取県,日野郡日野町,i2fas,14,0,14,0
鳥取県,日野郡江府町,i2fas,10,0,10,0
鳥取県,東伯郡三朝町,i2fas,20,0,20,0
鳥取県,東伯郡北栄町,i2fas,21,0,21,0
鳥取県,東伯郡湯梨浜町,i2fas,34,0,34,0
鳥取県,東伯郡琴浦町,i2fas,32,0,32,0
鳥取県,米子市,i2fas,360,0,360,0
鳥取県,西伯郡伯耆町,i2fas,31,0,31,0
鳥取県,西伯郡南部町,i2fas,27,0,27,0
鳥取県,西伯郡大山町,i2fas,31,0,31,0
鳥取県,西伯郡日吉津村,i2fas,47,0,47,0
鳥取県,鳥取市,自身,3536,184,3352,0
鹿児島県,いちき串木野市,管轄主体,564,530,34,0
鹿児島県,不明,不明,394,2,0,392
鹿児島県,伊佐市,管轄主体,387,361,26,0
鹿児島県,出水市,管轄主体,1047,1004,43,0
鹿児島県,出水郡長島町,管轄主体,220,220,0,0
鹿児島県,南さつま市,管轄主体,507,479,28,0
鹿児島県,南九州市,管轄主体,641,607,34,0
鹿児島県,垂水市,管轄主体,271,263,8,0
鹿児島県,大島郡与論町,管轄主体,221,214,7,0
鹿児島県,大島郡伊仙町,管轄主体,127,124,3,0
鹿児島県,大島郡和泊町,管轄主体,220,218,2,0
鹿児島県,大島郡喜界町,管轄主体,217,212,5,0
鹿児島県,大島郡大和村,管轄主体,52,52,0,0
鹿児島県,大島郡天城町,管轄主体,151,151,0,0
鹿児島県,大島郡宇検村,管轄主体,80,79,1,0
鹿児島県,大島郡徳之島町,管轄主体,357,352,5,0
鹿児島県,大島郡瀬戸内町,管轄主体,368,352,16,0
鹿児島県,大島郡知名町,管轄主体,164,163,1,0
鹿児島県,大島郡龍郷町,管轄主体,204,197,7,0
鹿児島県,奄美市,管轄主体,1302,1266,36,0
鹿児島県,姶良市,管轄主体,1054,965,89,0
鹿児島県,姶良郡湧水町,管轄主体,210,206,4,0
鹿児島県,志布志市,管轄主体,542,516,26,0
鹿児島県,指宿市,管轄主体,856,795,61,0
鹿児島県,日置市,管轄主体,894,862,32,0
鹿児島県,曽於市,管轄主体,547,509,38,0
鹿児島県,曽於郡大崎町,管轄主体,193,185,8,0
鹿児島県,枕崎市,管轄主体,420,401,19,0
鹿児島県,熊毛郡中種子町,管轄主体,208,200,8,0
鹿児島県,熊毛郡南種子町,管轄主体,172,170,2,0
鹿児島県,熊毛郡屋久島町,管轄主体,628,588,40,0
鹿児島県,肝属郡南大隅町,管轄主体,166,163,3,0
鹿児島県,肝属郡東串良町,管轄主体,112,103,9,0
鹿児島県,肝属郡肝付町,管轄主体,262,249,13,0
鹿児島県,肝属郡錦江町,管轄主体,149,146,3,0
鹿児島県,薩摩川内市,管轄主体,1743,1666,77,0
鹿児島県,薩摩郡さつま町,管轄主体,427,407,20,0
鹿児島県,西之表市,管轄主体,400,390,10,0
鹿児島県,阿久根市,管轄主体,486,477,9,0
鹿児島県,霧島市,管轄主体,2522,2367,155,0
鹿児島県,鹿児島市,自身,12271,5067,7204,0
鹿児島県,鹿児島郡三島村,管轄主体,28,28,0,0
鹿児島県,鹿児島郡十島村,管轄主体,65,61,4,0
鹿児島県,鹿屋市,管轄主体,2058,1963,95,0
